ASV,baseMean,log2FoldChange,lfcSE,stat,pvalue,padj,Taxon,Phylum,Class,order,Family,Genus,Species,,,,
2b6d46af28eb76fe606272f9b2ff92fb,2.77464705,-22.57341199,4.582743043,-4.925742461,8.40E-07,4.32E-05,D_0__Bacteria,Planctomycetes,Planctomycetacia,Gemmatales,Gemmataceae,Gemmata,uncultured,Planctomycetales,bacterium,,
a559b8f7b2a355df80330a37c928dcc9,1.67635183,24.1404815,4.577325367,5.273927364,1.34E-07,7.94E-06,D_0__Bacteria,Planctomycetes,Planctomycetacia,Gemmatales,Gemmataceae,,,,,,
f3683daa064b963ae9b65a7ed3e54fe6,4.241923718,-21.68984558,4.583534978,-4.732121754,2.22E-06,0.000104612,D_0__Bacteria,Planctomycetes,Planctomycetacia,Planctomycetales,Gimesiaceae,uncultured,,,,,
6af564b5fdc0014633749290b2f8e295,1.512901869,29.04974627,4.580458878,6.342103933,2.27E-10,3.66E-08,D_0__Bacteria,Bacteroidetes,Bacteroidia,Bacteroidales,Bacteroidaceae,Bacteroides,,,,,
66fc100b41eee8c468b2e2e3e6b8cde0,0.908803868,-16.52931226,4.583862971,-3.605978705,0.000310979,0.007171548,D_0__Bacteria,Verrucomicrobia,Verrucomicrobiae,Chthoniobacterales,Xiphinematobacteraceae,Candidatus,Xiphinematobacter,uncultured,bacterium,,
3a2e1a4ca6d3cdcf06f04f1122c48871,0.655032503,19.38192684,4.580942619,4.230990967,2.33E-05,0.000730306,D_0__Bacteria,Planctomycetes,vadinHA49,Uncultured planctomycete,planctomycete,uncultured,planctomycete,uncultured,planctomycete,uncultured,planctomycete
3d338e1b649d51cacc33332db4d0391a,0.728644182,19.14266974,4.5810014,4.178708554,2.93E-05,0.000895354,D_0__Bacteria,Firmicutes,Clostridia,Clostridiales,Lachnospiraceae,Tyzzerella,3,,,,
4b1b5bdca4f4fbaf045c99dac59e6207,4.477204488,13.63502552,3.318251782,4.109099134,3.97E-05,0.001124102,D_0__Bacteria,Firmicutes,Clostridia,Clostridiales,Lachnospiraceae,,,,,,
b43acf98b0af1be97a326bc96e3a343b,1.326432345,25.24943207,4.579447556,5.513641495,3.51E-08,2.34E-06,D_0__Bacteria,Firmicutes,Clostridia,Clostridiales,Ruminococcaceae,,,,,,
1eea93949c6eea6de2437552db060563,2.067437768,24.5059002,4.582681103,5.347502837,8.92E-08,5.60E-06,D_0__Bacteria,Firmicutes,Clostridia,Clostridiales,Ruminococcaceae,uncultured,,,,,
187634b6a6eefaf18f44f488b8ff1e52,0.87875496,30,4.580632691,6.549313605,5.78E-11,1.34E-08,D_0__Bacteria,Firmicutes,Clostridia,Clostridiales,Ruminococcaceae,,,,,,
db688c8431d0c882f9c10da78abfe386,5.357510173,29.54126733,4.585280382,6.442630519,1.17E-10,2.21E-08,D_0__Bacteria,Firmicutes,Clostridia,Clostridiales,Ruminococcaceae,Ruminococcaceae,NK4A214,group,uncultured,Clostridiaceae,bacterium
9275c35c0b3c61273c9e213aa301a3af,7.007198459,18.45520655,4.578391534,4.03093672,5.56E-05,0.001494694,D_0__Bacteria,Firmicutes,Bacilli,Lactobacillales,Leuconostocaceae,Leuconostoc,,,,,
1582b05e6ca2390db91212e1babf70c3,25.69862108,-15.15995488,3.533217322,-4.290694145,1.78E-05,0.000575059,D_0__Bacteria,Firmicutes,Bacilli,Lactobacillales,Leuconostocaceae,Leuconostoc,,,,,
412cba8ca74b1c194e28d37f1bf72c1d,4.545999879,14.0412704,3.648118055,3.848907898,0.000118646,0.002914555,D_0__Bacteria,Firmicutes,Bacilli,Bacillales,Bacillaceae,Anaerobacillus,,,,,
6d95e64841db99e83891a67250b1b85a,1.659044587,28.46984307,4.580231191,6.215809178,5.11E-10,6.41E-08,D_0__Bacteria,Firmicutes,Erysipelotrichia,Erysipelotrichales,Erysipelotrichaceae,Erysipelatoclostridium,,,,,
70aeee0186b3342ea753efad11feace9,1.703765471,-20.0109919,4.580715399,-4.368529839,1.25E-05,0.000487403,D_0__Bacteria,Chloroflexi,Chloroflexia,Chloroflexales,Roseiflexaceae,uncultured,uncultured,bacterium,,,
8602c0245d02a698c89b73cf83e318e9,7.681141034,11.45703695,2.761325286,4.149108041,3.34E-05,0.000992536,D_0__Bacteria,Chloroflexi,Chloroflexia,Chloroflexales,Roseiflexaceae,uncultured,uncultured,Chloroflexi,bacterium,,
2b24789bb42098175d65707a323ec361,0.40715657,-30,4.583502339,-6.545213198,5.94E-11,1.34E-08,D_0__Bacteria,Chloroflexi,Chloroflexia,Thermomicrobiales,JG30-KF-CM45,uncultured,bacterium,uncultured,bacterium,,
b6688ec09db5d7f844d2640020b6cf44,1.731777262,20.02575772,4.580649288,4.371816409,1.23E-05,0.000487403,D_0__Bacteria,Actinobacteria,Actinobacteria,Corynebacteriales,Mycobacteriaceae,Mycobacterium,,,,,
cd6ba7114cbc54557edf98ca7f8b3d8f,4.729347693,17.57551135,3.68751517,4.766220759,1.88E-06,9.22E-05,D_0__Bacteria,Actinobacteria,Actinobacteria,Corynebacteriales,Mycobacteriaceae,Mycobacterium,,,,,
f5eeda3992753b0793e2072dea5c7315,0.439428738,17.27924731,4.581420023,3.771592043,0.000162209,0.003899926,D_0__Bacteria,Actinobacteria,Actinobacteria,Corynebacteriales,uncultured,uncultured,bacterium,uncultured,bacterium,,
ec21f982b7fe6fcdde1b287b846dd6c3,2.627966324,14.54798397,4.151170198,3.504550109,0.000457379,0.009939208,D_0__Bacteria,Actinobacteria,Actinobacteria,Corynebacteriales,Corynebacteriaceae,Corynebacterium,1,,,,
7b8ea1058c27d7333b7e83366508b951,9.219982819,-22.2386742,3.381240869,-6.577074825,4.80E-11,1.34E-08,D_0__Bacteria,Actinobacteria,Actinobacteria,Corynebacteriales,Corynebacteriaceae,Corynebacterium,1,,,,
a84fc195266a4cc895ca21d489e035f5,1.39810889,-18.03876027,4.580033024,-3.938565547,8.20E-05,0.002058363,D_0__Bacteria,Actinobacteria,Actinobacteria,Micrococcales,Microbacteriaceae,Amnibacterium,,,,,
8ddbe74a1ca31c939e7c5ca11591eab8,33.53425633,10.50975008,2.440360225,4.306638819,1.66E-05,0.000550888,D_0__Bacteria,Actinobacteria,Actinobacteria,Micrococcales,Microbacteriaceae,,,,,,
2797d80d6dca46c75d2a7c1d953be5ef,7.918714584,11.86338407,3.376403612,3.513615501,0.000442052,0.00979449,D_0__Bacteria,Actinobacteria,Actinobacteria,Micrococcales,Demequinaceae,,,,,,
5046e5e8990888247952c4b9ac972ce7,4.313716661,13.9407951,3.900437898,3.574161534,0.000351352,0.007940555,D_0__Bacteria,Actinobacteria,Actinobacteria,Micrococcales,Cellulomonadaceae,,,,,,
afd56ccc54badee9797fc2fd12638705,31.15254192,10.13483178,2.349180862,4.314198173,1.60E-05,0.000548506,D_0__Bacteria,Actinobacteria,Actinobacteria,Micrococcales,Micrococcaceae,Rothia,Ambiguous_taxa,,,,
ece2c064282b579452424c50f4043306,10.1123799,-19.95640636,4.58165119,-4.355723632,1.33E-05,0.000494299,D_0__Bacteria,Actinobacteria,Actinobacteria,Micrococcales,Micrococcaceae,Kocuria,,,,,
8ce24353efe6425fdffd76b1e1b03692,11.51909121,-19.93414594,4.581655677,-4.350860769,1.36E-05,0.000494299,D_0__Bacteria,Actinobacteria,Actinobacteria,Micrococcales,Micrococcaceae,Kocuria,,,,,
d0323fc96d2c145518b7b2838db864de,0.411094986,-20.35879151,4.583767284,-4.441497626,8.93E-06,0.000373883,D_0__Bacteria,Actinobacteria,Actinobacteria,Micrococcales,Micrococcaceae,Nesterenkonia,,,,,
72583bf2e4146350a7c65cd673cc9617,0.589398505,-21.06461063,4.583563276,-4.595684484,4.31E-06,0.000194962,D_0__Bacteria,Actinobacteria,Actinobacteria,Streptomycetales,Streptomycetaceae,Streptomyces,,,,,
e55616e9a34ad0308fca1a8ef5e8a76a,2.452609302,18.33797127,4.58084421,4.00318597,6.25E-05,0.001642314,D_0__Bacteria,Actinobacteria,Actinobacteria,Pseudonocardiales,Pseudonocardiaceae,,,,,,
affbb5411727cea1f2986285591691a5,3.727905703,-13.64650128,3.69817538,-3.690063309,0.000224198,0.005278,D_0__Bacteria,Actinobacteria,Actinobacteria,Propionibacteriales,Propionibacteriaceae,Microlunatus,,,,,
b9107c8bcb8d4d6f821027f4e73b5fdc,25.33980391,8.31213771,1.820529504,4.56578028,4.98E-06,0.000216282,D_0__Bacteria,Actinobacteria,Actinobacteria,Propionibacteriales,Nocardioidaceae,Marmoricola,Marmoricola,sp.,S8-670,,
1d21f8b51a2498d5e7116935ef009b5d,6.965261149,15.6955843,3.112644202,5.042524388,4.59E-07,2.47E-05,D_0__Bacteria,Actinobacteria,Actinobacteria,Propionibacteriales,Nocardioidaceae,Aeromicrobium,,,,,
754caef9d5de428f7f6ec0ae9b9bdaed,8.653676672,-25.91876323,4.583793262,-5.654435475,1.56E-08,1.23E-06,D_0__Bacteria,Proteobacteria,Gammaproteobacteria,Enterobacteriales,Enterobacteriaceae,Pantoea,,,,,
06a81afa9537cf0d44997d086be539e1,18.13613738,-25.88651138,4.5843382,-5.646728111,1.64E-08,1.23E-06,D_0__Bacteria,Proteobacteria,Gammaproteobacteria,Pseudomonadales,Moraxellaceae,Acinetobacter,Acinetobacter,indicus,,,
69854f2b41767bf3164e91dda04eabd0,71.24618203,-14.52925406,3.651800209,-3.978655246,6.93E-05,0.001779908,D_0__Bacteria,Proteobacteria,Gammaproteobacteria,Pseudomonadales,Pseudomonadaceae,Pseudomonas,,,,,
39af790b698a2a2ee1e409cc0439c88d,7.262810185,-30,4.582909423,-6.546059988,5.91E-11,1.34E-08,D_0__Bacteria,Proteobacteria,Alphaproteobacteria,Caulobacterales,Caulobacteraceae,Brevundimonas,,,,,
62e6faa33923568083ee780068e6e2c7,1.660159706,-26.33274517,4.583691516,-5.744877263,9.20E-09,8.00E-07,D_0__Bacteria,Proteobacteria,Alphaproteobacteria,Uncultured proteobacteria,,,,,,,
a5a85922b4a7420f4149810e33e76c2d,2.011102769,-28.94953143,4.582803467,-6.316991694,2.67E-10,3.77E-08,D_0__Bacteria,Proteobacteria,Alphaproteobacteria,Rhodobacterales,Rhodobacteraceae,Paracoccus,,,,,
72702f89928ab8045efebfc8790c3f89,1.469846103,-23.42926594,4.583862265,-5.111249987,3.20E-07,1.81E-05,D_0__Bacteria,Proteobacteria,Alphaproteobacteria,Rhodobacterales,Rhodobacteraceae,Paracoccus,,,,,
80755429333b447e802b07d03bd45e70,2.412643489,-27.18382528,4.58365307,-5.930602702,3.02E-09,3.10E-07,D_0__Bacteria,Proteobacteria,Alphaproteobacteria,Rhizobiales,Devosiaceae,Devosia,uncultured,Rhizobiales,bacterium,,
16191b02ddbbfe31d81d0cc3a1d6501a,1.194761047,30,4.582746685,6.546292445,5.90E-11,1.34E-08,D_0__Bacteria,Proteobacteria,Alphaproteobacteria,Rhizobiales,Devosiaceae,uncultured,,,,,
b487aada0a00f075d4409db0ed4e9c0f,0.696536694,18.71471189,4.583980075,4.082633777,4.45E-05,0.00122724,D_0__Bacteria,Proteobacteria,Alphaproteobacteria,Rhizobiales,Hyphomicrobiaceae,Hyphomicrobium,,,,,
6e04002c801a9328c107d511c701d9a1,0.504949715,26.33932045,4.58220643,5.748174127,9.02E-09,8.00E-07,D_0__Bacteria,Proteobacteria,Alphaproteobacteria,Rhizobiales,Rhizobiaceae,,,,,,
0b533a52a19fd6230a67ca10cf600aa4,5.546667767,19.88971696,4.582879785,4.340004079,1.42E-05,0.000503133,D_0__Bacteria,Proteobacteria,Alphaproteobacteria,Rhizobiales,Rhizobiaceae,Aureimonas,,,,,
a3b4d760bcea64d5989572457424b57b,4.723161349,-27.64014684,4.584668929,-6.028820677,1.65E-09,1.87E-07,D_0__Bacteria,Proteobacteria,Alphaproteobacteria,Rhizobiales,D05-2,Ambiguous_taxa,Ambiguous_taxa,,,,
b7f92ffbfd373fe53aefedba8baa73ca,31.441828,17.68242503,3.158884144,5.59768077,2.17E-08,1.53E-06,D_0__Bacteria,Proteobacteria,Alphaproteobacteria,Rhizobiales,Rhizobiaceae,,,,,,
664dbcd4ae5522814d8e9960de3d6365,1.495107217,18.83534346,4.584271427,4.108688537,3.98E-05,0.001124102,D_0__Bacteria,Proteobacteria,Alphaproteobacteria,Rhizobiales,Rhizobiaceae,,,,,,
Missing_order,,,,,,,,Not assigned,Not assigned,Not assigned,,,,,,,
Missing_order,,,,,,,,Not assigned,,Acetobacterales,,,,,,,
Missing_order,,,,,,,,Not assigned,,Deinococcales,,,,,,,
Missing_order,,,,,,,,Not assigned,,Frankiales,,,,,,,
Missing_order,,,,,,,,Not assigned,,Fusobacteriales,,,,,,,
Missing_order,,,,,,,,Not assigned,,Isosphaerales,,,,,,,
Missing_order,,,,,,,,Not assigned,,Kineosporiales,,,,,,,
Missing_order,,,,,,,,Not assigned,,Micromonosporales,,,,,,,
Missing_order,,,,,,,,Not assigned,,Microtrichales,,,,,,,
Missing_order,,,,,,,,Not assigned,,Oceanospirillales,,,,,,,
Missing_order,,,,,,,,Not assigned,,Pirellulales,,,,,,,
Missing_order,,,,,,,,Not assigned,,Reyranellales,,,,,,,
Missing_order,,,,,,,,Not assigned,,Rubrobacterales,,,,,,,
Missing_order,,,,,,,,Not assigned,,Saccharimonadales,,,,,,,
Missing_order,,,,,,,,Not assigned,,Solirubrobacterales,,,,,,,
Missing_order,,,,,,,,Not assigned,,Sphingomonadales,,,,,,,
Missing_order,,,,,,,,Not assigned,,Xanthomonadales,,,,,,,
