ASV,baseMean,log2FoldChange,lfcSE,stat,pvalue,padj,Taxon,Phylum,Class,order,Family,Genus,Species
a559b8f7b2a355df80330a37c928dcc9,1.67635183,-15.62074026,3.931893894,-3.972828536,7.10E-05,0.002588946,D_0__Bacteria,Planctomycetes,Planctomycetacia,Gemmatales,Gemmataceae,,
e31787001b49da60db225c542d47b519,1.62936405,-22.94871893,3.934929101,-5.83205398,5.47E-09,6.19E-07,D_0__Bacteria,Planctomycetes,Planctomycetacia,Gemmatales,Gemmataceae,Gemmata,
6619afe143bf180dbf384885456feadb,1.199821742,-15.45021988,3.936173106,-3.925188112,8.67E-05,0.003060251,D_0__Bacteria,Bacteroidetes,Bacteroidia,Bacteroidales,Rikenellaceae,uncultured,uncultured Rikenellaceae bacterium
8ae327392f0f2d7ea3dc162113e3a7df,18.93634136,-7.58119345,2.019849937,-3.753344895,0.000174491,0.005477063,D_0__Bacteria,Bacteroidetes,Bacteroidia,Bacteroidales,Bacteroidaceae,Bacteroides,Blattella germanica (German cockroach)
6af564b5fdc0014633749290b2f8e295,1.512901869,-20.8582671,3.93245542,-5.304133137,1.13E-07,9.14E-06,D_0__Bacteria,Bacteroidetes,Bacteroidia,Bacteroidales,Bacteroidaceae,Bacteroides,
3a2e1a4ca6d3cdcf06f04f1122c48871,0.655032503,-20.5824113,3.932856852,-5.233450408,1.66E-07,1.11E-05,D_0__Bacteria,Planctomycetes,vadinHA49,Uncultured planctomycete,uncultured planctomycete,uncultured planctomycete,uncultured planctomycete
3d338e1b649d51cacc33332db4d0391a,0.728644182,-20.61556374,3.932564906,-5.242269162,1.59E-07,1.11E-05,D_0__Bacteria,Firmicutes,Clostridia,Clostridiales,Lachnospiraceae,Tyzzerella 3,
b43acf98b0af1be97a326bc96e3a343b,1.326432345,-14.02946574,3.933147442,-3.566981901,0.000361116,0.009274126,D_0__Bacteria,Firmicutes,Clostridia,Clostridiales,Ruminococcaceae,,
fe1177fe50a366944a351d0a9fd3025c,9.405467006,-11.11570256,2.970348657,-3.742221484,0.000182401,0.005570614,D_0__Bacteria,Firmicutes,Bacilli,Lactobacillales,Lactobacillaceae,Lactobacillus,bacterium symbiont of Bactrocera correcta
0ab26d1b903be19bdb68c7f3706f727f,7.885453544,14.09039446,3.93367797,3.581989825,0.000340987,0.008960823,D_0__Bacteria,Firmicutes,Bacilli,Lactobacillales,Lactobacillaceae,Lactobacillus,
699fb8908aa1226e77e69e062aec602d,27.20944132,17.99886181,3.933380441,4.575927013,4.74E-06,0.000244574,D_0__Bacteria,Firmicutes,Bacilli,Lactobacillales,Enterococcaceae,Catellicoccus,uncultured bacterium
ada481df322b995904b2eb17542ddb4c,45.23986738,11.66983876,2.740077241,4.258945179,2.05E-05,0.000967063,D_0__Bacteria,Firmicutes,Bacilli,Lactobacillales,Enterococcaceae,Catellicoccus,uncultured bacterium
499c560a6f59ce0936267ab62b8e39c2,7.5526998,-9.648814768,2.63650788,-3.659695023,0.000252516,0.006959576,D_0__Bacteria,Chloroflexi,Chloroflexia,Chloroflexales,Roseiflexaceae,uncultured,green non-sulfur bacterium B1-5
789df45c09635234e475589ad558fd8d,4.928130227,30,3.737415462,8.026937414,9.99E-16,1.13E-12,D_0__Bacteria,Patescibacteria,Saccharimonadia,Saccharimonadales,uncultured bacterium,uncultured bacterium,uncultured bacterium
4fd72e745434341ac3682a19deba5241,1.291872368,-21.2138733,3.930401583,-5.397380611,6.76E-08,6.37E-06,D_0__Bacteria,Patescibacteria,Saccharimonadia,Saccharimonadales,bacterium LWQ8,bacterium LWQ8,bacterium LWQ8
0c30008e83d5c11d35c0f523b717eed1,51.59299075,30,3.933864272,7.626089241,2.42E-14,6.22E-12,D_0__Bacteria,Fusobacteria,Fusobacteriia,Fusobacteriales,Fusobacteriaceae,Cetobacterium,
553132e534177dc8fd3ad9014b132afb,3.662808431,-14.13027844,3.935281106,-3.590665587,0.000329835,0.008874122,D_0__Bacteria,Actinobacteria,Actinobacteria,Corynebacteriales,Mycobacteriaceae,Mycobacterium,
b57e190e6958be8dc1319d11ca03e94d,7.249356966,10.64542669,2.528300967,4.21050612,2.55E-05,0.001151692,D_0__Bacteria,Actinobacteria,Actinobacteria,Corynebacteriales,Nocardiaceae,Rhodococcus,
92a15b9987d60c4c5356e4ea2893c252,3.068459347,15.1415936,3.930570062,3.852264013,0.000117031,0.003956894,D_0__Bacteria,Actinobacteria,Actinobacteria,Corynebacteriales,Corynebacteriaceae,Corynebacterium 1,
71eb0d2811960593a5d3ab4f3866dba8,0.830673573,-17.79437504,3.934026679,-4.52319633,6.09E-06,0.000299267,D_0__Bacteria,Actinobacteria,Actinobacteria,Micrococcales,Cellulomonadaceae,Cellulomonas,
23ec95fb9c9dfea324082fda85a350fd,0.701931625,-30,3.934816489,-7.624243743,2.45E-14,6.22E-12,D_0__Bacteria,Actinobacteria,Actinobacteria,Micrococcales,Microbacteriaceae,Microbacterium,
6c42e7e5f9e5b314047f28871ea32cc4,1.317894831,-14.90937594,3.933304222,-3.79054736,0.000150316,0.004853049,D_0__Bacteria,Actinobacteria,Actinobacteria,Micrococcales,Demequinaceae,,
d910ef2fcfa92cdfe56ecb37bcecca06,0.370381229,-21.14318613,3.933797273,-5.374752348,7.67E-08,6.67E-06,D_0__Bacteria,Actinobacteria,Actinobacteria,Micrococcales,Intrasporangiaceae,Serinicoccus,
afd56ccc54badee9797fc2fd12638705,31.15254192,-9.495521566,2.020215344,-4.700252176,2.60E-06,0.000154537,D_0__Bacteria,Actinobacteria,Actinobacteria,Micrococcales,Micrococcaceae,Rothia,Ambiguous_taxa
d07e48632df19d7765813f9839865e02,2.739387162,-16.22594604,3.933637593,-4.124921438,3.71E-05,0.00144508,D_0__Bacteria,Actinobacteria,Actinobacteria,Kineosporiales,Kineosporiaceae,Pseudokineococcus,Pseudokineococcus marinus
edf037caedf9f3ba4c156c7a62f11cdd,1.404599302,-30,3.930506346,-7.632604391,2.30E-14,6.22E-12,D_0__Bacteria,Actinobacteria,Actinobacteria,Kineosporiales,Kineosporiaceae,Pseudokineococcus,Ambiguous_taxa
e55616e9a34ad0308fca1a8ef5e8a76a,2.452609302,-22.32647977,3.932719221,-5.677110038,1.37E-08,1.41E-06,D_0__Bacteria,Actinobacteria,Actinobacteria,Pseudonocardiales,Pseudonocardiaceae,,
02a1455602478a8f990e5c08af3c09c7,6.427968213,-9.473746157,2.549152781,-3.716429328,0.000202058,0.005935941,D_0__Bacteria,Actinobacteria,Actinobacteria,Frankiales,Geodermatophilaceae,Geodermatophilus,
8d3f6631554a25b6656992bf3b573d58,2.655146077,-24.56163405,3.935542307,-6.240978277,4.35E-10,5.46E-08,D_0__Bacteria,Actinobacteria,Actinobacteria,Propionibacteriales,Propionibacteriaceae,Friedmanniella,
b9107c8bcb8d4d6f821027f4e73b5fdc,25.33980391,-6.572128923,1.570528635,-4.18466036,2.86E-05,0.00122339,D_0__Bacteria,Actinobacteria,Actinobacteria,Propionibacteriales,Nocardioidaceae,Marmoricola,Marmoricola sp. S8-670
1d21f8b51a2498d5e7116935ef009b5d,6.965261149,-17.14536117,2.67498742,-6.409510954,1.46E-10,2.22E-08,D_0__Bacteria,Actinobacteria,Actinobacteria,Propionibacteriales,Nocardioidaceae,Aeromicrobium,
4fc1bcb0337b47bca3040d96dcb017af,27.56433999,18.12321872,3.934004409,4.606812,4.09E-06,0.000231022,D_0__Bacteria,Proteobacteria,Gammaproteobacteria,Enterobacteriales,Enterobacteriaceae,endosymbionts6,gamma proteobacterium endosymbiont of Pseudococcus calceolariae
29e73b72fe64c7d1fafd225c909d36da,5.331924963,-13.89651436,3.786333023,-3.670177524,0.000242382,0.006847294,D_0__Bacteria,Proteobacteria,Alphaproteobacteria,Sphingomonadales,Sphingomonadaceae,Sphingomonas,
6795f80ce2aea70e4eaffdddb329afc3,5.313458105,-14.75488334,3.556568092,-4.148629509,3.34E-05,0.001349832,D_0__Bacteria,Proteobacteria,Alphaproteobacteria,Sphingomonadales,Sphingomonadaceae,Sphingomonas,
b94c7f81d470ba0ce2ac80661658162c,2.053829052,-20.75685961,3.933991601,-5.276284678,1.32E-07,9.93E-06,D_0__Bacteria,Proteobacteria,Alphaproteobacteria,Acetobacterales,Acetobacteraceae,,
93f448c35dc6711f278cdd890ab53756,6.065387095,-13.1131496,3.531746817,-3.712935915,0.000204869,0.005935941,D_0__Bacteria,Proteobacteria,Alphaproteobacteria,Rhodobacterales,Rhodobacteraceae,Paracoccus,
28054af786249fc520bcce1c13c32c05,3.848963994,12.82186662,3.332034142,3.848059797,0.000119057,0.003956894,D_0__Bacteria,Proteobacteria,Alphaproteobacteria,Rhodobacterales,Rhodobacteraceae,Paracoccus,
80755429333b447e802b07d03bd45e70,2.412643489,29.93744317,3.934230245,7.609479188,2.75E-14,6.22E-12,D_0__Bacteria,Proteobacteria,Alphaproteobacteria,Rhizobiales,Devosiaceae,Devosia,uncultured Rhizobiales bacterium
6e04002c801a9328c107d511c701d9a1,0.504949715,-18.71568225,3.934839369,-4.75640312,1.97E-06,0.000123718,D_0__Bacteria,Proteobacteria,Alphaproteobacteria,Rhizobiales,Rhizobiaceae,,
0b533a52a19fd6230a67ca10cf600aa4,5.546667767,-15.6422167,3.933635758,-3.976529009,6.99E-05,0.002588946,D_0__Bacteria,Proteobacteria,Alphaproteobacteria,Rhizobiales,Rhizobiaceae,Aureimonas,
fc2f268f8df27cf4f2c72c241f0c0dd1,0.365194985,-16.43371732,3.932101593,-4.179372513,2.92E-05,0.00122339,D_0__Bacteria,Proteobacteria,Alphaproteobacteria,Rhizobiales,Xanthobacteraceae,Pseudorhodoplanes,
e793d6a5bf0bbeb78d9685f32b42312a,1.029859993,17.98347647,3.930792389,4.57502577,4.76E-06,0.000244574,D_0__Bacteria,Proteobacteria,Alphaproteobacteria,Rhizobiales,Beijerinckiaceae,uncultured,bacterium
b7f92ffbfd373fe53aefedba8baa73ca,31.441828,-17.35988296,2.713140309,-6.398446441,1.57E-10,2.22E-08,D_0__Bacteria,Proteobacteria,Alphaproteobacteria,Rhizobiales,Rhizobiaceae,,
664dbcd4ae5522814d8e9960de3d6365,1.495107217,29.63511455,3.936485425,7.528318118,5.14E-14,9.68E-12,D_0__Bacteria,Proteobacteria,Alphaproteobacteria,Rhizobiales,Rhizobiaceae,,
MISSING,,,,,,,,MISSING,,Not assigned,,,
MISSING,,,,,,,,MISSING,,Deinococcales,,,
MISSING,,,,,,,,MISSING,,Chthoniobacterales,,,
MISSING,,,,,,,,MISSING,,Planctomycetales,,,
MISSING,,,,,,,,MISSING,,Pirellulales,,,
MISSING,,,,,,,,MISSING,,Isosphaerales,,,
MISSING,,,,,,,,MISSING,,Thermomicrobiales,,,
MISSING,,,,,,,,MISSING,,Streptomycetales,,,
MISSING,,,,,,,,MISSING,,Solirubrobacterales,,,
MISSING,,,,,,,,MISSING,,Rubrobacterales,,,
MISSING,,,,,,,,MISSING,,Microtrichales,,,
MISSING,,,,,,,,MISSING,,Micromonosporales,,,
MISSING,,,,,,,,MISSING,,Erysipelotrichales,,,
MISSING,,,,,,,,MISSING,,Bacillales,,,
MISSING,,,,,,,,MISSING,,Xanthomonadales,,,
MISSING,,,,,,,,MISSING,,Uncultured proteobacteria,,,
MISSING,,,,,,,,MISSING,,Reyranellales,,,
MISSING,,,,,,,,MISSING,,Pseudomonadales,,,
MISSING,,,,,,,,MISSING,,Oceanospirillales,,,
MISSING,,,,,,,,MISSING,,Caulobacterales,,,
