ASV,baseMean,log2FoldChange,lfcSE,stat,pvalue,padj,Taxon,Phylum,Class,order,Family,Genus,Species
Missing order,,,,,,,,Verrucomicrobia,,Chthoniobacterales,,,
Missing order,,,,,,,,Proteobacteria,,Caulobacterales,,,
Missing order,,,,,,,,Planctomycetes,,Planctomycetales,,,
Missing order,,,,,,,,Proteobacteria,,Uncultured proteobacteria,,,
Missing order,,,,,,,,Planctomycetes,,Uncultured planctomycete,,,
e31787001b49da60db225c542d47b519,1.62936405,20.64414139,4.439195465,4.650424059,3.31E-06,6.38E-05,D_0__Bacteria,Planctomycetes,Planctomycetacia,Gemmatales,Gemmataceae,Gemmata,
29d1ade409aec939fad07496a462330a,8.059840842,12.16552274,3.029817411,4.015265966,5.94E-05,0.000945043,D_0__Bacteria,Planctomycetes,Planctomycetacia,Isosphaerales,Isosphaeraceae,Singulisphaera,
8c206c2c5fecb02bbb94ca513f1d49fe,1.169790645,19.0612157,4.438331802,4.294680196,1.75E-05,0.000313791,D_0__Bacteria,Planctomycetes,Planctomycetacia,Pirellulales,Pirellulaceae,uncultured,uncultured bacterium
0b744a27d048202c22c15d2a388d66fb,5.136964875,-11.24720829,3.124346185,-3.59985982,0.000318389,0.004232698,D_0__Bacteria,Bacteroidetes,Bacteroidia,Bacteroidales,Rikenellaceae,Alistipes,uncultured Rikenellaceae bacterium
8ae327392f0f2d7ea3dc162113e3a7df,18.93634136,-7.872666716,2.270680055,-3.467096431,0.000526113,0.006462041,D_0__Bacteria,Bacteroidetes,Bacteroidia,Bacteroidales,Bacteroidaceae,Bacteroides,Blattella germanica (German cockroach)
6af564b5fdc0014633749290b2f8e295,1.512901869,-18.96134135,4.433368771,-4.276960101,1.89E-05,0.00033452,D_0__Bacteria,Bacteroidetes,Bacteroidia,Bacteroidales,Bacteroidaceae,Bacteroides,
f6e0c89a98d61e4147a4f3bccb4efd65,2.068644342,23.46829639,4.438170746,5.287830896,1.24E-07,2.80E-06,D_0__Bacteria,Acidobacteria,Subgroup 6,Not assigned,,,
5a7f4590625e39787c6b48102b96526c,9.614253443,30,3.890168063,7.711749085,1.24E-14,2.34E-12,D_0__Bacteria,Cyanobacteria,Oxyphotobacteria,Not assigned,,,
77c58ae400cce59e3bba73ba0d95c003,1.080725869,30,4.438960318,6.758339306,1.40E-11,7.32E-10,D_0__Bacteria,Firmicutes,Clostridia,Clostridiales,Lachnospiraceae,,
1e692065941f3756dadb4bd6c32516ec,49.07122172,-7.620148699,1.72343755,-4.421482343,9.80E-06,0.000181589,D_0__Bacteria,Firmicutes,Clostridia,Clostridiales,Lachnospiraceae,Incertae Sedis,
d0d91f4528835255cb2d8574a1613348,8.111046098,-9.327402022,2.788649189,-3.344774258,0.000823496,0.0095933,D_0__Bacteria,Firmicutes,Clostridia,Clostridiales,Lachnospiraceae,,
187634b6a6eefaf18f44f488b8ff1e52,0.87875496,-16.1458681,4.438715056,-3.637509481,0.000275287,0.00379359,D_0__Bacteria,Firmicutes,Clostridia,Clostridiales,Ruminococcaceae,,
db688c8431d0c882f9c10da78abfe386,5.357510173,-26.31204142,4.43935283,-5.926999369,3.09E-09,9.42E-08,D_0__Bacteria,Firmicutes,Clostridia,Clostridiales,Ruminococcaceae,Ruminococcaceae NK4A214 group,uncultured Clostridiaceae bacterium
11c000f1ce79ddaf488fbc41bc9f32a5,3.161624895,30,4.438909376,6.758416867,1.40E-11,7.32E-10,D_0__Bacteria,Firmicutes,Bacilli,Lactobacillales,Lactobacillaceae,Lactobacillus,
635e21115edc6bdccd70ca371ff169a9,10.27636553,10.5766713,2.891078863,3.658382148,0.000253812,0.00354084,D_0__Bacteria,Firmicutes,Bacilli,Lactobacillales,Lactobacillaceae,Lactobacillus,bacterium symbiont of Bactrocera correcta
e7c29e0aa4169e9b6e7181762c2361f5,22.28893527,15.37916777,4.435453815,3.467326775,0.000525662,0.006462041,D_0__Bacteria,Firmicutes,Bacilli,Lactobacillales,Lactobacillaceae,Lactobacillus,
9275c35c0b3c61273c9e213aa301a3af,7.007198459,25.34279494,4.439184697,5.708885002,1.14E-08,3.13E-07,D_0__Bacteria,Firmicutes,Bacilli,Lactobacillales,Leuconostocaceae,Leuconostoc,
d3f8d831a7e66f438a1e64403d019762,376.3061316,5.586970887,1.581570005,3.532547322,0.000411577,0.005345764,D_0__Bacteria,Firmicutes,Bacilli,Lactobacillales,Streptococcaceae,Lactococcus,
373b01488b94ca689d3c1b5588d318be,431.2661008,4.769876297,1.429027425,3.337847975,0.000844299,0.009636952,D_0__Bacteria,Firmicutes,Bacilli,Lactobacillales,Streptococcaceae,Lactococcus,
ada481df322b995904b2eb17542ddb4c,45.23986738,30,3.097225104,9.686089643,3.46E-22,1.95E-19,D_0__Bacteria,Firmicutes,Bacilli,Lactobacillales,Enterococcaceae,Catellicoccus,uncultured bacterium
d481449f4a7dbe27bd168e1c86f651b0,3.932628934,25.0920021,3.735329029,6.717481085,1.85E-11,8.37E-10,D_0__Bacteria,Firmicutes,Bacilli,Bacillales,Bacillaceae,Anaerobacillus,
412cba8ca74b1c194e28d37f1bf72c1d,4.545999879,23.57184819,3.538349085,6.661820987,2.70E-11,1.09E-09,D_0__Bacteria,Firmicutes,Bacilli,Bacillales,Bacillaceae,Anaerobacillus,
6d95e64841db99e83891a67250b1b85a,1.659044587,-26.05730409,4.4343128,-5.876289126,4.20E-09,1.22E-07,D_0__Bacteria,Firmicutes,Erysipelotrichia,Erysipelotrichales,Erysipelotrichaceae,Erysipelatoclostridium,
499c560a6f59ce0936267ab62b8e39c2,7.5526998,-9.992574663,2.96826284,-3.366472311,0.000761362,0.008961868,D_0__Bacteria,Chloroflexi,Chloroflexia,Chloroflexales,Roseiflexaceae,uncultured,green non-sulfur bacterium B1-5
1cf53aecdee4f522c4f529b4bba2c1a2,3.798467316,-15.46331777,4.42861495,-3.491682601,0.000479988,0.006026519,D_0__Bacteria,Chloroflexi,Chloroflexia,Chloroflexales,Roseiflexaceae,uncultured,uncultured Chloroflexi bacterium
a0872aa7a52092c767dfe999a37e83c1,3.799279414,20.63496456,4.438290875,4.649304235,3.33E-06,6.38E-05,D_0__Bacteria,Chloroflexi,Chloroflexia,Chloroflexales,Chloroflexaceae,FFCH7168,uncultured bacterium
749688a1a9211ed13942b44fa4ae499d,12.31431247,30,4.433744178,6.766290249,1.32E-11,7.32E-10,D_0__Bacteria,Patescibacteria,Saccharimonadia,Saccharimonadales,,,
50d637aacad9a6214c054902397d6b5e,1.832022498,28.3982887,4.437933431,6.398989336,1.56E-10,5.36E-09,D_0__Bacteria,Patescibacteria,Saccharimonadia,Saccharimonadales,,,
b3271013c15fe695cd8b16972fd702aa,0.358799098,18.73256933,4.438221695,4.220737633,2.44E-05,0.000416909,D_0__Bacteria,Patescibacteria,Saccharimonadia,Saccharimonadales,uncultured bacterium,uncultured bacterium,uncultured bacterium
4fd72e745434341ac3682a19deba5241,1.291872368,-25.22374084,4.430317674,-5.693438415,1.25E-08,3.35E-07,D_0__Bacteria,Patescibacteria,Saccharimonadia,Saccharimonadales,bacterium LWQ8,bacterium LWQ8,bacterium LWQ8
98d26edf99583ddb025cb9005027a76e,3.597845037,24.62687203,3.857793342,6.383668032,1.73E-10,5.75E-09,D_0__Bacteria,Patescibacteria,Saccharimonadia,Saccharimonadales,uncultured soil bacterium,uncultured soil bacterium,uncultured soil bacterium
a0ba8a3047798c6c04a9d1abf8e70a0a,3.370859641,22.96154857,4.23642617,5.420028025,5.96E-08,1.46E-06,D_0__Bacteria,Deinococcus-Thermus,Deinococci,Deinococcales,Deinococcaceae,Deinococcus,
0c30008e83d5c11d35c0f523b717eed1,51.59299075,30,4.437953194,6.759873006,1.38E-11,7.32E-10,D_0__Bacteria,Fusobacteria,Fusobacteriia,Fusobacteriales,Fusobacteriaceae,Cetobacterium,
e86318a431826c85fb2391dadc8d12a0,3.448515824,29.59638207,4.436928092,6.67046692,2.55E-11,1.07E-09,D_0__Bacteria,Chloroflexi,Chloroflexia,Thermomicrobiales,JG30-KF-CM45,uncultured soil bacterium,uncultured soil bacterium
4f8877fa02f0ce51acf73686d4af0d4f,4.347128625,-9.393738984,2.713902834,-3.461339465,0.000537495,0.006530848,D_0__Bacteria,Chloroflexi,Chloroflexia,Thermomicrobiales,JG30-KF-CM45,Paraburkholderia tropica,Paraburkholderia tropica
50c531ead5c80d0120f0d502fe9a67ea,1.193175058,29.71530734,4.438240535,6.69528997,2.15E-11,9.35E-10,D_0__Bacteria,Actinobacteria,Rubrobacteria,Rubrobacterales,Rubrobacteriaceae,Rubrobacter,
1c61ecff87f1ac3d58e938e9c760ee47,16.16727683,6.309614618,1.554090874,4.060003647,4.91E-05,0.000803642,D_0__Bacteria,Actinobacteria,Thermoleophilia,Solirubrobacterales,67-14,,
49b37b9c7890b4746c3bbae2831e51e0,4.408030684,28.231673,4.438196976,6.361068053,2.00E-10,6.47E-09,D_0__Bacteria,Actinobacteria,Acidimicrobiia,Microtrichales,Ilumatobacteraceae,uncultured,
7c279f5a907d57a8633c7d2572f19c16,6.321101604,23.78605249,2.716689517,8.755528499,2.03E-18,5.74E-16,D_0__Bacteria,Actinobacteria,Actinobacteria,Corynebacteriales,Nocardiaceae,Gordonia,
b6688ec09db5d7f844d2640020b6cf44,1.731777262,16.31821381,4.439556868,3.675640226,0.000237254,0.003351208,D_0__Bacteria,Actinobacteria,Actinobacteria,Corynebacteriales,Mycobacteriaceae,Mycobacterium,
cd6ba7114cbc54557edf98ca7f8b3d8f,4.729347693,-16.25597719,3.568474317,-4.555441833,5.23E-06,9.85E-05,D_0__Bacteria,Actinobacteria,Actinobacteria,Corynebacteriales,Mycobacteriaceae,Mycobacterium,
553132e534177dc8fd3ad9014b132afb,3.662808431,29.95781704,4.438876862,6.748963301,1.49E-11,7.32E-10,D_0__Bacteria,Actinobacteria,Actinobacteria,Corynebacteriales,Mycobacteriaceae,Mycobacterium,
0ebfc4f3dc641f7cc8d77dd06c6a37f4,6.318319086,23.44498474,2.330165248,10.06151163,8.17E-24,9.24E-21,D_0__Bacteria,Actinobacteria,Actinobacteria,Corynebacteriales,Mycobacteriaceae,Mycobacterium,
f5eeda3992753b0793e2072dea5c7315,0.439428738,-20.97669681,4.432215443,-4.732779143,2.21E-06,4.55E-05,D_0__Bacteria,Actinobacteria,Actinobacteria,Corynebacteriales,uncultured,uncultured bacterium,uncultured bacterium
ec21f982b7fe6fcdde1b287b846dd6c3,2.627966324,-19.42712936,4.016442996,-4.836899064,1.32E-06,2.76E-05,D_0__Bacteria,Actinobacteria,Actinobacteria,Corynebacteriales,Corynebacteriaceae,Corynebacterium 1,
92a15b9987d60c4c5356e4ea2893c252,3.068459347,30,4.434655155,6.764900303,1.33E-11,7.32E-10,D_0__Bacteria,Actinobacteria,Actinobacteria,Corynebacteriales,Corynebacteriaceae,Corynebacterium 1,
71eb0d2811960593a5d3ab4f3866dba8,0.830673573,-15.98268624,4.435832837,-3.603085785,0.000314462,0.004232698,D_0__Bacteria,Actinobacteria,Actinobacteria,Micrococcales,Cellulomonadaceae,Cellulomonas,
23ec95fb9c9dfea324082fda85a350fd,0.701931625,24.80394879,4.439259726,5.587406532,2.30E-08,5.92E-07,D_0__Bacteria,Actinobacteria,Actinobacteria,Micrococcales,Microbacteriaceae,Microbacterium,
a84fc195266a4cc895ca21d489e035f5,1.39810889,15.06684735,4.435864061,3.39659808,0.000682291,0.008115672,D_0__Bacteria,Actinobacteria,Actinobacteria,Micrococcales,Microbacteriaceae,Amnibacterium,
8ddbe74a1ca31c939e7c5ca11591eab8,33.53425633,-9.078696909,2.359637464,-3.847496511,0.000119331,0.001847178,D_0__Bacteria,Actinobacteria,Actinobacteria,Micrococcales,Microbacteriaceae,,
6c42e7e5f9e5b314047f28871ea32cc4,1.317894831,-21.5011374,4.433538412,-4.849656278,1.24E-06,2.64E-05,D_0__Bacteria,Actinobacteria,Actinobacteria,Micrococcales,Demequinaceae,,
5046e5e8990888247952c4b9ac972ce7,4.313716661,-14.23637926,3.774461979,-3.771763855,0.000162098,0.002410136,D_0__Bacteria,Actinobacteria,Actinobacteria,Micrococcales,Cellulomonadaceae,,
1bf03d6c2f5781eecba98fe98688e40e,3.720838667,23.32329921,4.438497457,5.25477359,1.48E-07,3.28E-06,D_0__Bacteria,Actinobacteria,Actinobacteria,Kineosporiales,Kineosporiaceae,Kineosporia,uncultured Kineosporiaceae bacterium
8d6b3f6d5a075b5fed7c314cfc43836a,1.406138994,23.61738162,4.438425467,5.321117092,1.03E-07,2.43E-06,D_0__Bacteria,Actinobacteria,Actinobacteria,Streptomycetales,Streptomycetaceae,Streptomyces,
a5b7ba1cbc817558f21b1157554ae1bc,7.42204606,8.941831333,2.378267215,3.759809359,0.000170043,0.002495435,D_0__Bacteria,Actinobacteria,Actinobacteria,Streptomycetales,Streptomycetaceae,Streptomyces,
d07e48632df19d7765813f9839865e02,2.739387162,29.96867406,4.438260251,6.752347174,1.45E-11,7.32E-10,D_0__Bacteria,Actinobacteria,Actinobacteria,Kineosporiales,Kineosporiaceae,Pseudokineococcus,Pseudokineococcus marinus
c40dc77d544c08d8aa8455a8848a9f4c,7.455962866,11.9631006,3.583072705,3.338782544,0.000841464,0.009636952,D_0__Bacteria,Actinobacteria,Actinobacteria,Micromonosporales,Micromonosporaceae,Virgisporangium,
54c73a1fe00510364c2fec9723992b73,1.542291929,29.87629153,4.420235675,6.758981585,1.39E-11,7.32E-10,D_0__Bacteria,Actinobacteria,Actinobacteria,Micromonosporales,Micromonosporaceae,Actinoplanes,
ccbf8f35e3928986b0472537a567730d,1.330732538,27.37634351,4.437320559,6.169566329,6.85E-10,2.15E-08,D_0__Bacteria,Actinobacteria,Actinobacteria,Micromonosporales,Micromonosporaceae,Dactylosporangium,
f16ce457a64c5278681bbf9731d9b1b6,3.412390976,22.00388271,4.133972003,5.322697563,1.02E-07,2.43E-06,D_0__Bacteria,Actinobacteria,Actinobacteria,Pseudonocardiales,Pseudonocardiaceae,Actinomycetospora,
ce879903c415208358be8964e00a42c5,10.06881705,-18.74087861,4.4283741,-4.231999868,2.32E-05,0.000402667,D_0__Bacteria,Actinobacteria,Actinobacteria,Pseudonocardiales,Pseudonocardiaceae,Pseudonocardia,
19ee1557cf4f9b25548f8f4810c74620,2.315384936,17.84939249,4.43885704,4.021168586,5.79E-05,0.000934835,D_0__Bacteria,Actinobacteria,Actinobacteria,Frankiales,Geodermatophilaceae,Blastococcus,
7cb7ecd1063b4217803c08b574b2de0b,1.823066986,30,4.233628811,7.086119578,1.38E-12,1.95E-10,D_0__Bacteria,Actinobacteria,Actinobacteria,Frankiales,Geodermatophilaceae,Geodermatophilus,
02a1455602478a8f990e5c08af3c09c7,6.427968213,25.01820621,2.87906737,8.689691138,3.63E-18,8.21E-16,D_0__Bacteria,Actinobacteria,Actinobacteria,Frankiales,Geodermatophilaceae,Geodermatophilus,
3afd37b7eec75a6c537290b1f24bd92a,28.04423106,28.21122037,3.109632911,9.072202791,1.17E-19,4.39E-17,D_0__Bacteria,Actinobacteria,Actinobacteria,Frankiales,Frankiaceae,Jatrophihabitans,
e933e1e01749f43c68f9c8f1deb6047a,6.637897648,-12.78328243,3.340936169,-3.826257607,0.000130106,0.001960266,D_0__Bacteria,Actinobacteria,Actinobacteria,Frankiales,Nakamurellaceae,Nakamurella,
d1e272fb2a751eadf1af655328ba8844,0.828941177,20.76692051,4.439780022,4.677466091,2.90E-06,5.84E-05,D_0__Bacteria,Actinobacteria,Actinobacteria,Propionibacteriales,Propionibacteriaceae,,
8d3f6631554a25b6656992bf3b573d58,2.655146077,15.28516129,4.439542175,3.442958911,0.000575387,0.006916883,D_0__Bacteria,Actinobacteria,Actinobacteria,Propionibacteriales,Propionibacteriaceae,Friedmanniella,
bcb1813ffa36f8e100b752fa7c3bf595,4.457205449,-15.53423828,4.374731203,-3.5509012,0.000383915,0.005044458,D_0__Bacteria,Actinobacteria,Actinobacteria,Propionibacteriales,Propionibacteriaceae,Friedmanniella,
eba4d765d20b8d9cc0bb2b9ba5855314,0.358198319,23.5247885,4.43915285,5.299386908,1.16E-07,2.68E-06,D_0__Bacteria,Actinobacteria,Actinobacteria,Propionibacteriales,Nocardioidaceae,Marmoricola,
ca79a567a7167eeb80d2d795b13da253,3.962141023,26.16490438,3.688142738,7.094330737,1.30E-12,1.95E-10,D_0__Bacteria,Actinobacteria,Rubrobacteria,Rubrobacterales,Rubrobacteriaceae,Rubrobacter,uncultured Actinomycetales bacterium
2127ef254e1ed69c731702296e01470a,2.553401486,30,4.437513478,6.760542847,1.37E-11,7.32E-10,D_0__Bacteria,Proteobacteria,Gammaproteobacteria,Xanthomonadales,Xanthomonadaceae,Lysobacter,
12b5503084243dccdc7f3afd9cdc2ddd,11.50854679,29.81810878,4.438975093,6.717340862,1.85E-11,8.37E-10,D_0__Bacteria,Proteobacteria,Gammaproteobacteria,Enterobacteriales,Enterobacteriaceae,,
bd70542041ed702c5e31591d41b5e0b9,260.7898948,7.197135103,1.746879932,4.119994151,3.79E-05,0.00063901,D_0__Bacteria,Proteobacteria,Gammaproteobacteria,Enterobacteriales,Enterobacteriaceae,Escherichia-Shigella,
d8bbf0571c1854aaa178f2d245340cb9,6.114517386,-17.04631144,4.436642176,-3.842165035,0.000121954,0.001862267,D_0__Bacteria,Proteobacteria,Gammaproteobacteria,Enterobacteriales,Enterobacteriaceae,Arsenophonus,uncultured Arsenophonus sp.
69854f2b41767bf3164e91dda04eabd0,71.24618203,13.1509924,3.534940877,3.720286382,0.000198997,0.002882905,D_0__Bacteria,Proteobacteria,Gammaproteobacteria,Pseudomonadales,Pseudomonadaceae,Pseudomonas,
2fd19bf2aa96c2e4533faa2db1b63a20,15.99780683,-10.03045095,2.785980808,-3.600330239,0.000317813,0.004232698,D_0__Bacteria,Proteobacteria,Gammaproteobacteria,Oceanospirillales,Halomonadaceae,Halomonas,
5cc0e1b5491d683d811272762507b241,3.554260762,28.63151088,4.439198552,6.449702697,1.12E-10,3.96E-09,D_0__Bacteria,Proteobacteria,Gammaproteobacteria,Oceanospirillales,Halomonadaceae,Halomonas,
ca188d5931b8147b562b58ddcc18b141,5.098137689,22.78524896,4.437635636,5.134547049,2.83E-07,6.15E-06,D_0__Bacteria,Proteobacteria,Alphaproteobacteria,Sphingomonadales,Sphingomonadaceae,Sphingobium,
45be391216d8cc53e0bcf29806e59c58,0.871985599,28.83674504,4.437635595,6.498222854,8.13E-11,2.96E-09,D_0__Bacteria,Proteobacteria,Alphaproteobacteria,Acetobacterales,Acetobacteraceae,,
7251763682cd6ecf8f4924c35f762f0b,0.983288714,16.36966448,4.436599437,3.689687273,0.00022453,0.00321163,D_0__Bacteria,Proteobacteria,Alphaproteobacteria,Reyranellales,Reyranellaceae,Reyranella,
533ba813005be973c6c0181c8dc2d82f,9.010967337,-11.825604,2.737740775,-4.319475425,1.56E-05,0.000285053,D_0__Bacteria,Proteobacteria,Alphaproteobacteria,Rhodobacterales,Rhodobacteraceae,Paracoccus,
72702f89928ab8045efebfc8790c3f89,1.469846103,25.06477077,4.437902416,5.647886868,1.62E-08,4.27E-07,D_0__Bacteria,Proteobacteria,Alphaproteobacteria,Rhodobacterales,Rhodobacteraceae,Paracoccus,
8b9c2f423943c92b2e0a7b80ac937ba5,4.159267563,24.11061562,3.486639187,6.915145023,4.67E-12,5.28E-10,D_0__Bacteria,Proteobacteria,Alphaproteobacteria,Rhizobiales,Labraceae,Labrys,uncultured bacterium
16191b02ddbbfe31d81d0cc3a1d6501a,1.194761047,-29.22908124,4.43754172,-6.586773283,4.49E-11,1.75E-09,D_0__Bacteria,Proteobacteria,Alphaproteobacteria,Rhizobiales,Devosiaceae,uncultured,
b487aada0a00f075d4409db0ed4e9c0f,0.696536694,-30,4.434641201,-6.76492159,1.33E-11,7.32E-10,D_0__Bacteria,Proteobacteria,Alphaproteobacteria,Rhizobiales,Hyphomicrobiaceae,Hyphomicrobium,
74e12c0b63a8372def1340256147e2c7,0.829727665,25.85157875,4.437110524,5.82621925,5.67E-09,1.60E-07,D_0__Bacteria,Proteobacteria,Alphaproteobacteria,Rhizobiales,Hyphomicrobiaceae,Hyphomicrobium,
0b533a52a19fd6230a67ca10cf600aa4,5.546667767,-30,4.435308598,-6.763903646,1.34E-11,7.32E-10,D_0__Bacteria,Proteobacteria,Alphaproteobacteria,Rhizobiales,Rhizobiaceae,Aureimonas,
a7323db63c10cdc8a2c9f48075fef37e,4.390870717,13.65293055,3.502839392,3.897675293,9.71E-05,0.001524253,D_0__Bacteria,Proteobacteria,Alphaproteobacteria,Rhizobiales,Xanthobacteraceae,uncultured,
fc2f268f8df27cf4f2c72c241f0c0dd1,0.365194985,-20.71673921,4.431850355,-4.674512347,2.95E-06,5.84E-05,D_0__Bacteria,Proteobacteria,Alphaproteobacteria,Rhizobiales,Xanthobacteraceae,Pseudorhodoplanes,
70ad649132744e8191589170691439e0,1.837280237,24.5693518,4.437086074,5.537271846,3.07E-08,7.71E-07,D_0__Bacteria,Proteobacteria,Alphaproteobacteria,Rhizobiales,Beijerinckiaceae,,
621760d09892048fec1423e7f28e9e80,2.333060307,28.93761829,4.416685857,6.551885107,5.68E-11,2.14E-09,D_0__Bacteria,Proteobacteria,Alphaproteobacteria,Rhizobiales,Beijerinckiaceae,Psychroglaciecola,Ambiguous_taxa
e335c0b065c9f581e9c208c7253c05aa,3.275635028,29.99504361,4.258878573,7.042944076,1.88E-12,2.36E-10,D_0__Bacteria,Proteobacteria,Alphaproteobacteria,Rhizobiales,Beijerinckiaceae,uncultured,
fa9fe665b219cff56a993b87341228d6,7.072820863,-10.5682759,3.01290239,-3.507672845,0.000452045,0.005739443,D_0__Bacteria,Proteobacteria,Alphaproteobacteria,Rhizobiales,Rhizobiaceae,,
d79f5f439883f696c8c170e24064c4f6,0.766396619,30,4.438952467,6.758351261,1.40E-11,7.32E-10,D_0__Bacteria,Proteobacteria,Alphaproteobacteria,Rhizobiales,Rhizobiaceae,Shinella,
a94ec97c48a7b86f5c5b317f27c7b0e8,10.05975559,-8.694005071,2.123879931,-4.093454127,4.25E-05,0.00070624,D_0__Bacteria,Proteobacteria,Alphaproteobacteria,Rhizobiales,Rhizobiaceae,,
664dbcd4ae5522814d8e9960de3d6365,1.495107217,-26.10324015,4.436837128,-5.88329916,4.02E-09,1.20E-07,D_0__Bacteria,Proteobacteria,Alphaproteobacteria,Rhizobiales,Rhizobiaceae,,
5e807dba3c4aee7d4a6b463976d12c8b,1.858898338,30,4.428163029,6.774818316,1.25E-11,7.32E-10,D_0__Bacteria,Proteobacteria,Alphaproteobacteria,Rhizobiales,Rhizobiaceae,,
e15c7222f81501630ffb232fd2da6527,8.619773272,8.231579608,2.333627566,3.527375031,0.000419702,0.005389353,D_0__Bacteria,Proteobacteria,Alphaproteobacteria,Rhizobiales,Rhizobiaceae,Aureimonas,
