sampleid,sampleid_2,UniqueNumber,NBAFSAMPLEID,OriginalSampleID,BirdID,CatchID,SampleType,SampleType4way,SampleRepeat,CatchRepeat,BirdRepeat,BirdSeasonRepeat,Location_sample_from,RunID,CleanedFeatureCount,Keep,Keep_Catch,Keep_Catch_Bag_Tray,Keep_DUPLICATE_BIRD,Island,Chick,AgeClass5,SexEstimate,FieldPeriodID,TQ,CollectionDate,CollectionTime,Catch_To_Freezer,Catch_To_Extraction,Freezer_To_Extraction,TLR3,Hs_obs,Both_MHC_present,MHC1_Diversity,MHC1_Diversity_2,Ase-ua5,Ase-ua3,Ase-ua6,Ase-ua7,Ase-ua9,Ase-ua11,Ase-ua8,Ase-ua4,Ase-ua1,Ase-ua10,MHC2_Diversity,MHC2_Diversity_2,Ase-dab1,Ase-dab2,Ase-dab3,Ase-dab4,Ase-dab5,,,,,,,
Sample.1.E,Sample.1.E,1,1,427,NA,NA,Control,Extraction control,Yes,Yes,Yes,No,control,1st,638,n,n,n,n,NA,NotChick,NA,NA,NA,NA,NA,NA,NA,NA,NA,NA,NA,N,NA,NA,NA,NA,NA,NA,NA,NA,NA,NA,NA,NA,NA,NA,NA,NA,NA,NA,NA,,,,,,,
Sample.2.1,Sample.2.1,2,2,1,6139,10154,F,F,No,No,Yes,No,bag,1st,49646,y,y,y,y,CN,NotChick,A,F,Summer2017,49923.83,26-Jun-17,AM,91,213,122,CC,0.955912618,Y,4,16,1,0,1,0,0,0,0,1,0,0,3,9,1,1,1,0,0,,,,,,,
Sample.3.3,Sample.3.3,3,3,3,6731,10147,F,F,No,No,Yes,No,bag,1st,53379,y,y,y,y,CN,NotChick,OFL,M,Summer2017,49923.83,26-Jun-17,AM,91,213,122,AC,0.735317398,Y,2,4,1,0,1,0,0,0,0,0,0,0,3,9,1,1,0,0,1,,,,,,,
Sample.4.4,Sample.4.4,4,4,4,6732,10148,F,F,No,Yes,Yes,Yes,hand,1st,41983,y,y,n,n,CN,NotChick,OFL,M,Summer2017,16628.27,28-Jun-17,AM,89,175,86,AA,0.661785658,Y,7,49,0,1,0,1,1,1,0,0,1,1,2,4,1,1,0,0,0,,,,,,,
Sample.5.5,Sample.5.5,5,5,5,6734,10150,F,F,Yes,Yes,Yes,Yes,bag,1st,27257,y,y,y,y,CN,NotChick,FL,M,Summer2017,39351.16,06-Jul-17,AM,81,195,114,AA,1.029444358,Y,6,36,1,1,1,1,1,1,0,0,0,0,2,4,1,1,0,0,0,,,,,,,
Sample.6.7,Sample.6.7,6,6,7,6732,10148,F,F,No,Yes,Yes,Yes,bag,1st,37882,y,n,y,n,CN,NotChick,OFL,M,Summer2017,16628.27,28-Jun-17,AM,89,208,119,AA,0.661785658,Y,7,49,0,1,0,1,1,1,0,0,1,1,2,4,1,1,0,0,0,,,,,,,
Sample.7.8,Sample.7.8,7,7,8,6730,10146,F,F,No,Yes,Yes,No,bag,1st,39884,y,y,y,y,CN,NotChick,FL,M,Summer2017,127889.23,10-Jul-17,AM,77,197,120,AA,1.397103057,Y,4,16,0,1,0,1,1,1,0,0,0,0,3,9,1,1,0,1,0,,,,,,,
Sample.8.9,Sample.8.9,8,8,9,6729,10145,F,F,No,Yes,Yes,Yes,bag,1st,31556,y,n,y,y,CN,NotChick,SA,F,Summer2017,63064.91,11-Jul-17,AM,76,160,84,CC,1.250039577,N,NA,NA,NA,NA,NA,NA,NA,NA,NA,NA,NA,NA,2,4,1,1,0,0,0,,,,,,,
Sample.9.13,Sample.9.13,9,9,13,6733,10149,F,F,No,Yes,Yes,Yes,bag,1st,49211,y,y,y,y,CN,NotChick,FL,F,Summer2017,64993.92,11-Jul-17,AM,76,162,86,AA,1.176507837,N,NA,NA,NA,NA,NA,NA,NA,NA,NA,NA,NA,NA,4,16,1,1,1,1,0,,,,,,,
Sample.10.15,Sample.10.15,10,10,15,6370,10140,F,F,No,Yes,No,No,bag,1st,40188,y,y,y,y,CN,NotChick,A,M,Summer2017,16628.27,07-Jul-17,NA,80,199,119,AA,1.029444358,Y,6,36,1,1,1,1,1,1,0,0,0,0,4,16,1,1,0,0,1,,,,,,,
Sample.11.16,Sample.11.16,11,11,16,6733,10149,F,F,No,Yes,Yes,Yes,hand,1st,41557,y,n,n,n,CN,NotChick,FL,F,Summer2017,64993.92,11-Jul-17,AM,76,196,120,AA,1.176507837,N,NA,NA,NA,NA,NA,NA,NA,NA,NA,NA,NA,NA,4,16,1,1,1,1,0,,,,,,,
Sample.12.17,Sample.12.17,12,12,17,6735,10151,F,F,No,Yes,Yes,Yes,hand,1st,36352,y,y,n,n,CN,NotChick,A,F,Summer2017,32073.94,20-Jul-17,PM,67,186,119,AC,1.250039577,Y,3,9,1,0,1,0,0,0,0,1,0,0,3,9,1,1,1,0,0,,,,,,,
Sample.13.18,Sample.13.18,13,13,18,6827,10300,F,F,No,No,No,No,hand,1st,53958,y,y,y,y,FR,NotChick,A,F,Summer2017,NA,07-Sep-17,NA,18,130,112,NA,1.029444358,N,NA,NA,NA,NA,NA,NA,NA,NA,NA,NA,NA,NA,NA,NA,NA,NA,NA,NA,NA,,,,,,,
Sample.14.19,Sample.14.19,14,14,19,6727,10143,F,F,Yes,Yes,No,No,bag,1st,43456,y,y,y,y,CN,NotChick,A,F,Summer2017,50547.64,27-Jul-17,AM,60,182,122,AC,0.808849138,Y,6,36,1,1,1,1,1,1,0,0,0,0,2,4,1,1,0,0,0,,,,,,,
Sample.15.20,Sample.15.20,15,15,20,6735,10151,F,F,No,Yes,Yes,Yes,bag,1st,33403,y,n,y,y,CN,NotChick,A,F,Summer2017,32073.94,20-Jul-17,PM,67,151,84,AC,1.250039577,Y,3,9,1,0,1,0,0,0,0,1,0,0,3,9,1,1,1,0,0,,,,,,,
Sample.16.21,Sample.16.21,16,16,21,6675,10181,F,F,No,No,Yes,Yes,bag,1st,47470,y,y,y,y,CN,NotChick,A,F,Summer2017,16628.27,09-Aug-17,AM,47,161,114,AA,0.808849138,Y,6,36,1,0,1,1,0,0,0,0,1,1,3,9,1,1,0,0,1,,,,,,,
Sample.17.22,Sample.17.22,17,17,22,6675,10158,F,F,No,No,Yes,Yes,bag,1st,77819,y,y,y,n,CN,NotChick,A,F,Summer2017,16628.27,22-Jul-17,AM,65,184,119,AA,0.808849138,Y,6,36,1,0,1,1,0,0,0,0,1,1,3,9,1,1,0,0,1,,,,,,,
Sample.18.23,Sample.18.23,18,18,23,6554,10186,F,F,No,Yes,Yes,Yes,bag,1st,49402,y,n,y,y,CN,NotChick,A,F,Summer2017,43152.92,31-Jul-17,PM,56,175,119,AA,1.470634797,Y,6,36,1,1,1,1,1,1,0,0,0,0,2,4,1,1,0,0,0,,,,,,,
Sample.19.24,Sample.19.24,19,19,24,6709,10162,F,F,No,No,Yes,No,bag,1st,80045,y,y,y,y,CN,NotChick,SA,M,Summer2017,14117.69,19-Jul-17,AM,68,188,120,AC,1.029444358,Y,6,36,1,1,1,1,1,1,0,0,0,0,2,4,1,1,0,0,0,,,,,,,
Sample.20.25,Sample.20.25,20,20,25,6650,10184,F,F,No,No,No,No,bag,1st,52226,y,y,y,y,CN,NotChick,A,M,Summer2017,44940.59,31-Jul-17,PM,56,175,119,AC,0.955912618,Y,4,16,1,0,0,0,1,1,0,1,0,0,4,16,1,1,1,1,0,,,,,,,
Sample.21.26,Sample.21.26,21,21,26,6654,10160,F,F,No,Yes,Yes,Yes,hand,1st,67604,y,y,y,n,CN,NotChick,A,M,Summer2017,45367.55,22-Jul-17,AM,65,151,86,AA,1.250039577,Y,6,36,1,1,1,1,1,0,0,0,0,0,3,9,1,1,1,0,0,,,,,,,
Sample.22.27,Sample.22.27,22,22,27,6261,10159,F,F,No,No,Yes,No,bag,1st,62223,y,y,y,y,CN,NotChick,A,M,Summer2017,25475.7,22-Jul-17,AM,65,185,120,AA,0.882380878,Y,6,36,0,1,0,1,1,1,0,0,0,1,2,4,1,1,0,0,0,,,,,,,
Sample.23.28,Sample.23.28,23,23,28,5319,10155,F,F,Yes,Yes,No,No,hand,1st,54746,y,y,y,y,CN,NotChick,A,F,Summer2017,45367.55,22-Jul-17,AM,65,185,120,AA,1.176507837,Y,6,36,0,1,0,1,1,1,1,0,1,0,3,9,1,1,0,1,0,,,,,,,
Sample.24.29,Sample.24.29,24,24,29,5901,10156,F,F,No,No,No,No,bag,1st,63576,y,y,y,y,CN,NotChick,A,F,Summer2017,45367.55,22-Jul-17,AM,65,185,120,AA,0.882380878,Y,5,25,1,0,1,1,0,0,0,0,1,1,3,9,1,1,1,0,0,,,,,,,
Sample.25.30,Sample.25.30,25,25,30,6187,10157,F,F,No,No,Yes,No,bag,1st,98887,y,y,y,n,CN,NotChick,A,F,Summer2017,25475.7,22-Jul-17,AM,65,184,119,AA,1.250039577,Y,2,4,1,0,1,0,0,0,0,0,0,0,3,9,1,1,0,0,1,,,,,,,
Sample.26.31,Sample.26.31,26,26,31,6654,10160,F,F,No,Yes,Yes,Yes,hand,1st,62006,y,n,n,n,CN,NotChick,A,M,Summer2017,45367.55,22-Jul-17,AM,65,185,120,AA,1.250039577,Y,6,36,1,1,1,1,1,0,0,0,0,0,3,9,1,1,1,0,0,,,,,,,
Sample.27.32,Sample.27.32,27,27,32,6654,10180,F,F,No,No,Yes,Yes,bag,1st,40118,y,y,y,n,CN,NotChick,A,M,Summer2017,45367.55,09-Aug-17,AM,47,161,114,AA,1.250039577,Y,6,36,1,1,1,1,1,0,0,0,0,0,3,9,1,1,1,0,0,,,,,,,
Sample.28.33,Sample.28.33,28,28,33,6752,10178,F,F,No,Yes,Yes,Yes,bag,1st,758372,y,y,y,y,CN,NotChick,OFL,F,Summer2017,59592.25,08-Aug-17,PM,48,168,120,AA,1.250039577,Y,6,36,1,1,1,1,1,1,0,0,0,0,2,4,1,1,0,0,0,,,,,,,
Sample.29.34,Sample.29.34,29,29,34,6728,10144,F,F,No,No,No,No,hand,1st,52230,y,y,y,y,CN,NotChick,SA,M,Summer2017,27174.66,27-Jul-17,AM,60,182,122,AC,1.176507837,Y,4,16,1,0,1,1,0,0,1,0,0,0,2,4,1,1,0,0,0,,,,,,,
Sample.30.35,Sample.30.35,30,30,35,6746,10172,F,F,No,Yes,Yes,Yes,hand,1st,92989,y,y,y,y,CN,NotChick,FL,M,Summer2017,63064.91,10-Aug-17,PM,46,166,120,AA,1.397103057,Y,5,25,0,1,0,1,1,1,0,0,0,0,2,4,1,1,0,0,0,,,,,,,
Sample.31.36,Sample.31.36,31,31,36,6662,10217,F,F,No,No,No,No,bag,1st,155050,y,y,y,y,CN,NotChick,A,F,Summer2017,23270.89,29-Aug-17,AM,27,146,119,AC,0.735317398,Y,4,16,0,1,1,0,0,0,0,1,0,0,1,1,1,0,0,0,0,,,,,,,
Sample.32.37,Sample.32.37,32,32,37,6751,10177,F,F,No,No,Yes,No,other,1st,19092,y,y,y,y,CN,NotChick,FL,M,Summer2017,29038.84,08-Aug-17,PM,48,168,120,AA,1.323571317,Y,6,36,1,1,1,1,1,1,0,0,0,0,1,1,0,1,0,0,0,,,,,,,
Sample.33.39,Sample.33.39,33,33,39,6554,10186,F,F,No,Yes,Yes,Yes,hand,1st,53146,y,y,n,n,CN,NotChick,A,F,Summer2017,43152.92,31-Jul-17,PM,56,142,86,AA,1.470634797,Y,6,36,1,1,1,1,1,1,0,0,0,0,2,4,1,1,0,0,0,,,,,,,
Sample.34.40,Sample.34.40,34,34,40,6749,10175,F,F,Yes,Yes,No,No,bag,1st,102940,y,y,y,y,CN,NotChick,FL,M,Summer2017,76468.09,10-Aug-17,PM,46,165,119,AA,0.735317398,Y,6,36,0,1,0,1,1,0,0,0,1,1,3,9,1,1,1,0,0,,,,,,,
Sample.35.41,Sample.35.41,35,35,41,6222,10221,F,F,Yes,Yes,No,No,other,1st,5075,y,y,y,y,CN,NotChick,A,M,Summer2017,140885.09,28-Aug-17,AM,28,147,119,AA,0.808849138,N,NA,NA,NA,NA,NA,NA,NA,NA,NA,NA,NA,NA,3,9,1,1,0,1,0,,,,,,,
Sample.36.42,Sample.36.42,36,36,42,6740,10166,F,F,No,No,Yes,Yes,hand,1st,594336,y,y,y,n,CN,NotChick,SA,F,Summer2017,87182.2,08-Aug-17,PM,48,162,114,AC,1.029444358,Y,6,36,1,1,1,1,1,1,0,0,0,0,2,4,1,1,0,0,0,,,,,,,
Sample.37.43,Sample.37.43,37,37,43,6750,10176,F,F,Yes,Yes,Yes,No,other,1st,1188,n,n,n,n,CN,Chick,CH,M,Summer2017,43152.92,01-Aug-17,PM,55,174,119,AA,1.102976097,Y,6,36,1,1,1,1,1,1,0,0,0,0,2,4,1,1,0,0,0,,,,,,,
Sample.38.44,Sample.38.44,38,38,44,6746,10172,F,F,No,Yes,Yes,Yes,hand,1st,19820,y,n,n,n,CN,NotChick,FL,M,Summer2017,63064.91,10-Aug-17,PM,46,130,84,AA,1.397103057,Y,5,25,0,1,0,1,1,1,0,0,0,0,2,4,1,1,0,0,0,,,,,,,
Sample.39.45,Sample.39.45,39,39,45,6741,10167,F,F,No,No,No,No,hand,1st,50554,y,y,y,y,CN,Chick,CH,M,Summer2017,49923.83,11-Aug-17,AM,45,165,120,AC,0.808849138,Y,6,36,1,1,0,1,1,1,0,1,0,0,4,16,1,1,1,1,0,,,,,,,
Sample.40.46,Sample.40.46,40,40,46,6737,10163,F,F,No,No,Yes,No,bag,1st,68584,y,y,y,n,CN,NotChick,A,F,Summer2017,59592.25,17-Aug-17,PM,39,161,122,AC,1.102976097,Y,2,4,1,0,1,0,0,0,0,0,0,0,3,9,1,1,0,0,1,,,,,,,
Sample.41.47,Sample.41.47,41,41,47,6739,10165,F,F,No,No,Yes,No,hand,1st,62995,y,y,y,n,CN,Chick,CH,M,Summer2017,23270.89,08-Aug-17,PM,48,168,120,CC,1.323571317,N,NA,NA,NA,NA,NA,NA,NA,NA,NA,NA,NA,NA,3,9,1,1,0,0,1,,,,,,,
Sample.42.48,Sample.42.48,42,42,48,6750,10176,F,F,No,Yes,Yes,No,bag,1st,20354,y,y,y,n,CN,Chick,CH,M,Summer2017,43152.92,01-Aug-17,PM,55,141,86,AA,1.102976097,Y,6,36,1,1,1,1,1,1,0,0,0,0,2,4,1,1,0,0,0,,,,,,,
Sample.43.49,Sample.43.49,43,43,49,6734,10211,F,F,Yes,Yes,Yes,Yes,other,1st,66053,y,y,y,n,CN,NotChick,FL,M,Summer2017,39351.16,19-Aug-17,AM,37,156,119,AA,1.029444358,Y,6,36,1,1,1,1,1,1,0,0,0,0,2,4,1,1,0,0,0,,,,,,,
Sample.44.50,Sample.44.50,44,44,50,6752,10178,F,F,No,Yes,Yes,Yes,bag,1st,64887,y,n,n,n,CN,NotChick,OFL,F,Summer2017,59592.25,08-Aug-17,PM,48,134,86,AA,1.250039577,Y,6,36,1,1,1,1,1,1,0,0,0,0,2,4,1,1,0,0,0,,,,,,,
Sample.45.51,Sample.45.51,45,45,51,5635,10187,F,F,Yes,Yes,Yes,Yes,bag,1st,118580,y,y,y,y,CN,NotChick,A,F,Summer2017,95885.91,16-Aug-17,PM,40,152,112,AA,0.882380878,Y,6,36,1,1,1,1,1,0,1,0,0,0,4,16,1,1,0,0,1,,,,,,,
Sample.46.52,Sample.46.52,46,46,52,6693,10185,F,F,No,No,Yes,No,bag,1st,53974,y,y,y,y,CN,NotChick,SA,F,Summer2017,95885.91,16-Aug-17,PM,40,162,122,AA,0.955912618,Y,6,36,1,1,1,1,1,0,1,0,0,0,5,25,1,1,1,1,0,,,,,,,
Sample.47.53,Sample.47.53,47,47,53,6742,10168,F,F,No,No,Yes,No,hand,1st,64716,y,y,y,y,CN,Chick,CH,M,Summer2017,50547.64,10-Aug-17,PM,46,168,122,CC,0.661785658,Y,6,36,1,1,1,1,1,1,0,0,0,0,2,4,1,1,0,0,0,,,,,,,
Sample.48.54,Sample.48.54,48,48,54,5833,10183,F,F,No,No,No,No,bag,1st,57107,y,y,y,y,CN,NotChick,A,F,Summer2017,63064.91,10-Aug-17,PM,46,168,122,AC,1.250039577,Y,4,16,0,1,0,1,1,1,0,0,0,0,3,9,1,1,0,1,0,,,,,,,
Sample.49.55,Sample.49.55,49,49,55,6707,10182,F,F,No,No,No,No,bag,1st,50323,y,y,y,y,CN,NotChick,SA,F,Summer2017,72942.35,10-Aug-17,PM,46,165,119,AC,1.029444358,Y,6,36,1,1,1,1,1,1,0,0,0,0,2,4,1,1,0,0,0,,,,,,,
Sample.50.56,Sample.50.56,50,50,56,6757,10192,F,F,Yes,Yes,Yes,No,bag,1st,118762,n,n,n,n,CN,NotChick,FL,F,Summer2017,87182.2,19-Aug-17,PM,37,159,122,AA,0.661785658,Y,6,36,1,1,1,1,1,1,0,0,0,0,2,4,1,1,0,0,0,,,,,,,
Sample.51.57,Sample.51.57,51,51,57,6738,10164,F,F,No,No,No,No,bag,1st,78475,y,y,y,y,CN,NotChick,FL,F,Summer2017,78304.71,17-Aug-17,PM,39,158,119,AC,1.102976097,Y,6,36,1,0,1,0,1,1,0,1,0,0,2,4,1,1,0,0,0,,,,,,,
Sample.52.61,Sample.52.61,52,52,61,6740,10207,F,F,No,No,Yes,Yes,hand,1st,79581,y,y,y,y,CN,NotChick,SA,F,Summer2017,87182.2,19-Aug-17,PM,37,151,114,AC,1.029444358,Y,6,36,1,1,1,1,1,1,0,0,0,0,2,4,1,1,0,0,0,,,,,,,
Sample.53.62,Sample.53.62,53,53,62,5291,10208,F,F,No,No,No,No,bag,1st,63861,y,y,y,y,CN,NotChick,A,M,Summer2017,87182.2,19-Aug-17,PM,37,157,120,AC,1.029444358,Y,2,4,1,0,1,0,0,0,0,0,0,0,4,16,1,1,0,0,1,,,,,,,
Sample.54.63,Sample.54.63,54,54,63,6272,10220,F,F,No,No,Yes,Yes,hand,1st,44316,y,y,y,n,CN,NotChick,A,F,Summer2017,96280.44,28-Aug-17,AM,28,142,114,AC,1.102976097,Y,6,36,0,1,0,1,1,1,0,0,1,1,2,4,1,1,0,0,0,,,,,,,
Sample.55.64,Sample.55.64,55,55,64,1826,10179,F,F,No,No,Yes,No,bag,1st,82588,y,y,y,n,CN,NotChick,A,F,Summer2017,64756.95,17-Aug-17,PM,39,161,122,AA,0.808849138,Y,2,4,1,0,1,0,0,0,0,0,0,0,3,9,1,1,0,0,1,,,,,,,
Sample.56.65,Sample.56.65,56,56,65,6676,10205,F,F,No,No,No,No,bag,1st,70136,y,y,y,y,CN,NotChick,A,M,Summer2017,39351.16,22-Aug-17,PM,34,156,122,AA,0.955912618,Y,6,36,1,1,1,1,1,1,0,0,0,0,2,4,1,1,0,0,0,,,,,,,
Sample.57.66,Sample.57.66,57,57,66,6748,10174,F,F,No,No,No,No,bag,1st,144939,y,y,y,y,CN,NotChick,FL,F,Summer2017,95885.91,16-Aug-17,PM,40,162,122,AA,0.955912618,Y,2,4,1,0,1,0,0,0,0,0,0,0,3,9,1,1,1,0,0,,,,,,,
Sample.58.67,Sample.58.67,58,58,67,6754,10189,F,F,No,No,Yes,No,hand,1st,16606,y,y,y,n,CN,NotChick,FL,F,Summer2017,66247.97,21-Aug-17,PM,35,155,120,AA,1.250039577,Y,3,9,1,1,1,0,0,0,0,0,0,0,3,9,1,1,1,0,0,,,,,,,
Sample.59.68,Sample.59.68,59,59,68,6689,10219,F,F,No,No,No,No,bag,1st,67289,y,y,y,y,CN,NotChick,A,M,Summer2017,32726.03,29-Aug-17,AM,27,149,122,AC,0.955912618,Y,3,9,1,1,1,0,0,0,0,0,0,0,3,9,1,1,1,0,0,,,,,,,
Sample.60.69,Sample.60.69,60,60,69,5077,10204,F,F,No,No,No,No,bag,1st,54587,y,y,y,y,CN,NotChick,A,M,Summer2017,77976.59,22-Aug-17,PM,34,154,120,AC,0.735317398,Y,6,36,1,1,1,1,1,1,0,0,0,0,3,9,1,1,1,0,0,,,,,,,
Sample.61.70,Sample.61.70,61,61,70,6272,10212,F,F,No,No,Yes,Yes,other,1st,61066,y,y,y,n,CN,NotChick,A,F,Summer2017,96280.44,01-Sep-17,AM,24,146,122,AC,1.102976097,Y,6,36,0,1,0,1,1,1,0,0,1,1,2,4,1,1,0,0,0,,,,,,,
Sample.62.71,Sample.62.71,62,62,71,5292,10210,F,F,Yes,Yes,No,No,bag,1st,39890,y,y,y,y,CN,NotChick,A,M,Summer2017,66247.97,21-Aug-17,PM,35,157,122,AA,1.176507837,Y,6,36,1,0,1,1,0,0,1,0,1,1,2,4,1,1,0,0,0,,,,,,,
Sample.63.72,Sample.63.72,63,63,72,6765,10200,F,F,No,No,No,No,bag,1st,53100,y,y,y,y,CN,NotChick,FL,F,Summer2017,25958.57,29-Aug-17,AM,27,149,122,AA,0.808849138,Y,2,4,1,0,1,0,0,0,0,0,0,0,3,9,1,1,0,0,1,,,,,,,
Sample.64.73,Sample.64.73,64,64,73,6761,10196,F,F,No,Yes,Yes,Yes,bag,1st,68152,y,y,y,y,CN,NotChick,A,M,Summer2017,NA,01-Sep-17,AM,24,110,86,AC,1.250039577,Y,5,25,0,1,0,1,1,1,1,0,0,0,3,9,1,1,0,1,0,,,,,,,
Sample.65.74,Sample.65.74,65,65,74,6764,10199,F,F,No,No,No,No,bag,1st,45825,y,y,y,y,CN,NotChick,FL,F,Summer2017,91843.45,04-Sep-17,AM,21,140,119,AA,0.661785658,Y,6,36,1,0,1,1,0,0,1,0,1,1,4,16,1,1,1,1,0,,,,,,,
Sample.66.75,Sample.66.75,66,66,75,6563,10215,F,F,No,No,No,No,bag,1st,46871,y,y,y,y,CN,NotChick,A,M,Summer2017,NA,31-Aug-17,AM,25,147,122,CC,0.955912618,Y,3,9,1,0,0,1,0,0,1,0,0,0,2,4,1,1,0,0,0,,,,,,,
Sample.67.76,Sample.67.76,67,67,76,6761,10196,F,F,No,Yes,Yes,Yes,bag,1st,59805,y,n,n,n,CN,NotChick,A,M,Summer2017,NA,01-Sep-17,AM,24,144,120,AC,1.250039577,Y,5,25,0,1,0,1,1,1,1,0,0,0,3,9,1,1,0,1,0,,,,,,,
Sample.68.77,Sample.68.77,68,68,77,6826,10299,F,F,No,No,No,No,hand,1st,12430,y,y,y,y,FR,NotChick,A,M,Summer2017,NA,07-Sep-17,NA,18,137,119,AA,1.029444358,N,NA,NA,NA,NA,NA,NA,NA,NA,NA,NA,NA,NA,NA,NA,NA,NA,NA,NA,NA,,,,,,,
Sample.69.79,Sample.69.79,69,69,79,6766,10201,F,F,No,No,No,No,hand,1st,63554,y,y,y,y,CN,NotChick,FL,F,Summer2017,43496.9,26-Aug-17,AM,30,149,119,AC,0.955912618,N,6,36,1,1,1,1,1,1,0,0,0,0,NA,NA,NA,NA,NA,NA,NA,,,,,,,
Sample.70.80,Sample.70.80,70,70,80,6249,10218,F,F,No,No,Yes,No,bag,1st,51102,y,y,y,y,CN,NotChick,A,M,Summer2017,78482.88,28-Aug-17,PM,28,142,114,AA,0.955912618,Y,4,16,0,1,0,1,1,1,0,0,0,0,4,16,1,1,1,1,0,,,,,,,
Sample.71.81,Sample.71.81,71,71,81,6769,10214,F,F,No,No,No,No,bag,1st,28015,y,y,y,y,CN,NotChick,FL,F,Summer2017,92068.02,30-Aug-17,AM,26,148,122,AA,0.955912618,N,4,16,0,1,0,1,1,1,0,0,0,0,NA,NA,NA,NA,NA,NA,NA,,,,,,,
Sample.72.82,Sample.72.82,72,72,82,NA,NA,"pool of 82,89,128",Collection Control,No,No,No,No,NA,1st,48395,n,n,n,n,NA,NotChick,NA,NA,NA,NA,NA,NA,NA,NA,NA,NA,NA,N,NA,NA,NA,NA,NA,NA,NA,NA,NA,NA,NA,NA,NA,NA,NA,NA,NA,NA,NA,,,,,,,
Sample.73.83,Sample.73.83,73,73,83,6824,10297,F,F,No,No,No,No,hand,1st,39614,y,y,y,y,FR,NotChick,SA,M,Summer2017,NA,06-Sep-17,NA,19,142,123,NA,0.955912618,N,NA,NA,NA,NA,NA,NA,NA,NA,NA,NA,NA,NA,NA,NA,NA,NA,NA,NA,NA,,,,,,,
Sample.74.84,Sample.74.84,74,74,84,5595,10206,F,F,No,No,Yes,No,bag,1st,36252,y,y,y,y,CN,NotChick,A,M,Summer2017,38928.6,23-Aug-17,AM,33,153,120,AC,0.955912618,Y,6,36,0,1,0,1,1,1,0,1,0,0,3,9,1,1,0,1,0,,,,,,,
Sample.75.85,Sample.75.85,75,75,85,6771,10225,F,F,No,No,No,No,bag,1st,35143,y,y,y,y,CN,NotChick,FL,F,Summer2017,39033.48,09-Sep-17,AM,16,135,119,AC,0.882380878,N,6,36,1,1,1,1,1,1,0,0,0,0,NA,NA,NA,NA,NA,NA,NA,,,,,,,
Sample.76.86,Sample.76.86,76,76,86,6759,10194,F,F,No,No,No,No,bag,1st,48272,y,y,y,y,CN,NotChick,FL,M,Summer2017,32372.24,24-Aug-17,PM,32,154,122,AA,0.808849138,N,NA,NA,NA,NA,NA,NA,NA,NA,NA,NA,NA,NA,4,16,1,1,0,0,1,,,,,,,
Sample.77.87,Sample.77.87,77,77,87,6763,10198,F,F,No,No,No,No,bag,1st,38502,y,y,y,y,CN,NotChick,FL,M,Summer2017,96280.44,01-Sep-17,PM,24,146,122,AC,0.661785658,Y,6,36,0,1,0,1,1,1,0,0,1,1,2,4,1,1,0,0,0,,,,,,,
Sample.78.88,Sample.78.88,78,78,88,6565,10216,F,F,No,No,Yes,No,bag,1st,40983,y,y,y,y,CN,NotChick,A,M,Summer2017,32073.94,29-Aug-17,PM,27,141,114,AC,1.323571317,Y,5,25,1,0,1,1,0,0,0,0,1,1,3,9,1,1,0,0,1,,,,,,,
Sample.79.90,Sample.79.90,79,79,90,6698,10256,F,F,No,No,Yes,No,bag,1st,16978,y,y,y,n,CN,NotChick,SA,M,Summer2017,64993.92,05-Sep-17,PM,20,142,122,AA,1.250039577,Y,6,36,1,1,1,1,1,1,0,0,0,0,1,1,1,0,0,0,0,,,,,,,
Sample.80.92,Sample.80.92,80,80,92,5624,10222,F,F,No,Yes,Yes,Yes,other,1st,18423,y,n,n,n,CN,NotChick,A,M,Summer2017,64756.95,07-Sep-17,AM,18,102,84,AC,1.102976097,Y,6,36,1,1,1,1,1,1,0,0,0,0,2,4,1,1,0,0,0,,,,,,,
Sample.81.93,Sample.81.93,81,81,93,6773,10227,F,F,No,No,Yes,No,bag,1st,75600,y,y,y,y,CN,NotChick,SA,F,Summer2017,22426.27,08-Sep-17,AM,17,136,119,AC,1.176507837,Y,6,36,1,1,0,1,1,0,1,1,0,0,5,25,1,1,1,1,0,,,,,,,
Sample.82.94,Sample.82.94,82,82,94,6211,10213,F,F,No,No,No,No,bag,1st,53171,y,y,y,y,CN,NotChick,A,F,Summer2017,68848.73,02-Sep-17,AM,23,145,122,AA,1.029444358,Y,4,16,0,1,0,1,1,1,0,0,0,0,3,9,1,1,0,1,0,,,,,,,
Sample.83.95,Sample.83.95,83,83,95,6768,10203,F,F,No,No,No,No,hand,1st,40439,y,y,y,y,CN,Chick,CH,M,Summer2017,74000.13,04-Sep-17,PM,21,143,122,AA,1.102976097,Y,5,25,0,1,0,1,1,1,0,1,0,0,2,4,1,1,0,0,0,,,,,,,
Sample.84.96,Sample.84.96,84,84,96,6762,10197,F,F,No,Yes,Yes,Yes,bag,1st,61259,y,y,y,y,CN,NotChick,A,M,Summer2017,40913.79,02-Sep-17,AM,23,143,120,AA,0.808849138,Y,5,25,1,1,1,1,1,0,0,0,0,0,3,9,1,1,0,0,1,,,,,,,
Sample.85.97,Sample.85.97,85,85,97,3087,10223,F,F,No,No,No,No,bag,1st,69779,y,y,y,y,CN,NotChick,A,M,Summer2017,78017.38,07-Sep-17,AM,18,141,123,CC,1.029444358,Y,7,49,1,1,0,1,1,1,0,0,0,0,2,4,1,1,0,0,0,,,,,,,
Sample.86.98,Sample.86.98,86,86,98,5624,10222,F,F,No,Yes,Yes,Yes,bag,1st,20718,y,y,y,y,CN,NotChick,A,M,Summer2017,64756.95,07-Sep-17,AM,18,141,123,AC,1.102976097,Y,6,36,1,1,1,1,1,1,0,0,0,0,2,4,1,1,0,0,0,,,,,,,
Sample.87.99,Sample.87.99,87,87,99,6772,10226,F,F,No,No,No,No,bag,1st,12617,y,y,y,y,CN,NotChick,OFL,M,Summer2017,45367.55,09-Sep-17,AM,16,136,120,AA,1.176507837,Y,4,16,0,1,0,1,1,1,0,0,0,0,3,9,1,1,0,1,0,,,,,,,
Sample.88.100,Sample.88.100,88,88,100,6778,10232,F,F,No,No,No,No,bag,1st,43574,y,y,y,y,CN,NotChick,FL,F,Summer2017,41968.89,10-Sep-17,AM,15,134,119,AC,0.955912618,Y,2,4,1,0,1,0,0,0,0,0,0,0,3,9,1,1,0,0,1,,,,,,,
Sample.89.101,Sample.89.101,89,89,101,6171,10246,F,F,Yes,Yes,No,No,bag,1st,5220,y,y,y,y,CN,NotChick,A,M,Summer2017,40913.79,09-Sep-17,AM,16,139,123,AA,0.808849138,Y,6,36,1,1,1,1,1,1,0,0,0,0,2,4,1,1,0,0,0,,,,,,,
Sample.90.102,Sample.90.102,90,90,102,6384,10239,F,F,Yes,Yes,No,No,bag,1st,53879,y,y,y,y,CN,NotChick,A,M,Summer2017,61351.94,09-Sep-17,AM,16,139,123,AC,0.955912618,Y,6,36,1,0,1,1,0,0,1,0,1,1,3,9,1,1,0,0,1,,,,,,,
Sample.91.103,Sample.91.103,91,91,103,6781,10235,F,F,No,No,No,No,bag,1st,64345,y,y,y,y,CN,NotChick,FL,M,Summer2017,33230.86,08-Sep-17,AM,17,140,123,AC,1.176507837,Y,2,4,1,0,1,0,0,0,0,0,0,0,3,9,1,1,0,0,1,,,,,,,
Sample.92.104,Sample.92.104,92,92,104,6775,10229,F,F,No,No,No,No,bag,1st,86847,y,y,y,y,CN,NotChick,FL,M,Summer2017,127889.23,09-Sep-17,AM,16,139,123,AA,1.029444358,Y,7,49,0,1,0,1,1,1,1,0,1,1,2,4,1,1,0,0,0,,,,,,,
Sample.93.105,Sample.93.105,93,93,105,6780,10234,F,F,No,No,No,No,bag,1st,60695,y,y,y,y,CN,NotChick,FL,F,Summer2017,77431.93,09-Sep-17,AM,16,139,123,AA,0.882380878,Y,2,4,1,0,1,0,0,0,0,0,0,0,3,9,1,1,1,0,0,,,,,,,
Sample.94.106,Sample.94.106,94,94,106,6774,10228,F,F,No,No,Yes,No,bag,1st,20829,y,y,y,n,CN,NotChick,FL,M,Summer2017,59170.47,08-Sep-17,AM,17,140,123,CC,0.882380878,N,NA,NA,NA,NA,NA,NA,NA,NA,NA,NA,NA,NA,3,9,1,1,0,1,0,,,,,,,
Sample.95.108,Sample.95.108,95,95,108,6776,10230,F,F,No,No,Yes,No,bag,1st,19342,y,y,y,n,CN,NotChick,FL,M,Summer2017,39033.48,09-Sep-17,AM,16,139,123,AA,0.955912618,Y,6,36,1,1,1,1,1,1,0,0,0,0,2,4,1,1,0,0,0,,,,,,,
Sample.96.109,Sample.96.109,96,96,109,6061,10242,F,F,No,No,Yes,No,bag,1st,73621,y,y,y,n,CN,NotChick,A,F,Summer2017,41968.89,10-Sep-17,AM,15,138,123,AC,1.397103057,Y,6,36,1,0,1,1,0,0,1,0,1,1,3,9,1,1,0,0,1,,,,,,,
Sample.97.110,Sample.97.110,97,97,110,6783,10237,F,F,No,No,No,No,bag,1st,52040,y,y,y,y,CN,NotChick,OFL,F,Summer2017,28316.14,10-Sep-17,PM,15,138,123,AA,1.250039577,Y,4,16,0,1,0,1,1,1,0,0,0,0,3,9,1,1,0,1,0,,,,,,,
Sample.98.111,Sample.98.111,98,98,111,6313,10251,F,F,No,No,No,No,bag,1st,53586,y,y,y,y,CN,NotChick,A,M,Summer2017,53864.28,12-Sep-17,PM,13,136,123,AA,1.323571317,Y,6,36,1,1,1,1,0,0,0,0,1,1,4,16,1,1,0,0,1,,,,,,,
Sample.99.112,Sample.99.112,99,99,112,5547,10244,F,F,Yes,Yes,Yes,No,bag,1st,2513,y,y,y,n,CN,NotChick,A,M,Summer2017,41968.89,10-Sep-17,AM,15,138,123,AC,0.661785658,Y,6,36,1,1,1,1,1,1,0,0,0,0,2,4,1,1,0,0,0,,,,,,,
Sample.100.113,Sample.100.113,100,100,113,6787,10260,F,F,No,No,No,No,hand,1st,87269,y,y,y,y,CN,Chick,CH,F,Summer2017,53864.28,12-Sep-17,PM,13,136,123,AA,0.808849138,Y,6,36,1,1,1,1,1,1,0,0,0,0,2,4,1,1,0,0,0,,,,,,,
Sample.101.114,Sample.101.114,101,101,114,6745,10249,F,F,Yes,Yes,No,No,bag,1st,48173,n,n,n,n,CN,NotChick,FL,M,Summer2017,40442.14,11-Sep-17,AM,14,137,123,AC,0.955912618,Y,6,36,0,1,0,1,1,0,1,1,0,0,5,25,1,1,1,1,0,,,,,,,
Sample.102.115,Sample.102.115,102,102,115,6249,10247,F,F,Yes,Yes,Yes,No,hand,1st,0,n,n,n,n,CN,NotChick,A,M,Summer2017,78482.88,10-Sep-17,PM,15,138,123,AA,0.955912618,Y,4,16,0,1,0,1,1,1,0,0,0,0,4,16,1,1,1,1,0,,,,,,,
Sample.103.116,Sample.103.116,103,103,116,6567,10241,F,F,No,No,No,No,bag,1st,37696,y,y,y,y,CN,NotChick,A,M,Summer2017,29038.84,10-Sep-17,PM,15,138,123,AC,0.882380878,N,6,36,1,0,1,1,0,0,1,0,1,1,NA,NA,NA,NA,NA,NA,NA,,,,,,,
Sample.104.117,Sample.104.117,104,104,117,5634,10240,F,F,No,No,No,No,bag,1st,39018,y,y,y,y,CN,NotChick,A,F,Summer2017,29038.84,10-Sep-17,PM,15,138,123,AA,1.029444358,Y,6,36,1,1,1,1,0,0,1,0,0,1,3,9,1,1,0,0,1,,,,,,,
Sample.105.118,Sample.105.118,105,105,118,6229,10245,F,F,No,Yes,Yes,Yes,bag,1st,36478,y,n,y,y,CN,NotChick,A,F,Summer2017,57927.65,11-Sep-17,AM,14,137,123,AC,1.250039577,N,NA,NA,NA,NA,NA,NA,NA,NA,NA,NA,NA,NA,2,4,1,1,0,0,0,,,,,,,
Sample.106.119,Sample.106.119,106,106,119,6229,10245,F,F,No,Yes,Yes,Yes,other,1st,42732,y,y,n,n,CN,NotChick,A,F,Summer2017,57927.65,11-Sep-17,AM,14,126,112,AC,1.250039577,N,NA,NA,NA,NA,NA,NA,NA,NA,NA,NA,NA,NA,2,4,1,1,0,0,0,,,,,,,
Sample.107.120,Sample.107.120,107,107,120,6704,10243,F,F,No,No,No,No,bag,1st,50950,y,y,y,y,CN,NotChick,A,F,Summer2017,29038.84,10-Sep-17,PM,15,138,123,AC,0.735317398,N,NA,NA,NA,NA,NA,NA,NA,NA,NA,NA,NA,NA,NA,NA,NA,NA,NA,NA,NA,,,,,,,
Sample.108.121,Sample.108.121,108,108,121,NA,NA,Control,Collection control,No,No,No,No,control,1st,29424,n,n,n,n,NA,NotChick,NA,NA,NA,NA,NA,NA,NA,NA,NA,NA,NA,N,NA,NA,NA,NA,NA,NA,NA,NA,NA,NA,NA,NA,NA,NA,NA,NA,NA,NA,NA,,,,,,,
Sample.109.122,Sample.109.122,109,109,122,6169,10250,F,F,No,Yes,Yes,Yes,other,1st,50991,y,y,n,n,CN,NotChick,A,F,Summer2017,28077.51,13-Sep-17,AM,12,135,123,AC,0.661785658,Y,6,36,1,1,1,1,1,1,0,0,0,0,4,16,1,1,0,0,1,,,,,,,
Sample.110.123,Sample.110.123,110,110,123,6044,10258,F,F,No,No,No,No,bag,1st,36440,y,y,y,y,CN,NotChick,A,F,Summer2017,61245.87,11-Sep-17,PM,14,137,123,AC,1.176507837,Y,4,16,0,1,0,1,1,1,0,0,0,0,3,9,1,1,0,1,0,,,,,,,
Sample.111.124,Sample.111.124,111,111,124,6169,10250,F,F,No,Yes,Yes,Yes,bag,1st,43958,y,n,y,n,CN,NotChick,A,F,Summer2017,28077.51,13-Sep-17,AM,12,124,112,AC,0.661785658,Y,6,36,1,1,1,1,1,1,0,0,0,0,4,16,1,1,0,0,1,,,,,,,
Sample.112.125,Sample.112.125,112,112,125,6777,10231,F,F,No,No,Yes,No,bag,1st,73249,y,y,y,y,CN,NotChick,FL,M,Summer2017,19532.27,11-Sep-17,AM,14,137,123,AA,1.102976097,N,6,36,1,1,1,1,1,0,1,0,0,0,NA,NA,NA,NA,NA,NA,NA,,,,,,,
Sample.113.126,Sample.113.126,113,113,126,6011,10259,F,F,No,No,No,No,bag,1st,34370,y,y,y,y,CN,NotChick,A,M,Summer2017,68848.73,12-Sep-17,AM,13,136,123,AC,1.250039577,Y,6,36,1,1,1,1,1,1,0,0,0,0,2,4,1,1,0,0,0,,,,,,,
Sample.114.127,Sample.114.127,114,114,127,6786,10255,F,F,No,No,Yes,No,bag,1st,71174,y,y,y,n,CN,NotChick,FL,M,Summer2017,28077.51,13-Sep-17,AM,12,135,123,AC,0.661785658,Y,3,9,1,1,1,0,0,0,0,0,0,0,3,9,1,1,1,0,0,,,,,,,
Sample.115.129,Sample.115.129,115,115,129,6822,10295,F,F,No,No,No,No,hand,1st,46590,y,y,y,y,FR,NotChick,A,F,Summer2017,NA,06-Sep-17,NA,19,142,123,NA,1.029444358,N,NA,NA,NA,NA,NA,NA,NA,NA,NA,NA,NA,NA,NA,NA,NA,NA,NA,NA,NA,,,,,,,
Sample.116.131,Sample.116.131,116,116,131,6788,10261,F,F,No,No,No,No,other,1st,61011,y,y,y,y,CN,NotChick,SA,M,Summer2017,32175.18,12-Sep-17,PM,13,136,123,AC,1.029444358,Y,2,4,1,0,1,0,0,0,0,0,0,0,4,16,1,1,0,0,1,,,,,,,
Sample.117.133,Sample.117.133,117,117,133,4965,10257,F,F,No,No,No,No,bag,1st,52159,y,y,y,y,CN,NotChick,A,F,Summer2017,53864.28,12-Sep-17,PM,13,136,123,AA,1.102976097,Y,6,36,1,1,0,1,1,1,0,1,0,0,4,16,1,1,1,1,0,,,,,,,
Sample.118.134,Sample.118.134,118,118,134,5545,10253,F,F,No,No,No,No,hand,1st,55261,y,y,y,y,CN,NotChick,A,F,Summer2017,32073.94,13-Sep-17,PM,12,135,123,CC,0.955912618,Y,4,16,1,0,0,0,1,1,0,1,0,0,4,16,1,1,1,1,0,,,,,,,
Sample.119.135,Sample.119.135,119,119,135,6785,10254,F,F,No,No,No,No,bag,1st,48795,y,y,y,y,CN,NotChick,SA,M,Summer2017,28077.51,13-Sep-17,AM,12,135,123,CC,0.882380878,Y,6,36,0,0,0,1,1,1,0,1,1,1,2,4,1,1,0,0,0,,,,,,,
Sample.120.91,Sample.120.91,120,120,91,6762,10197,F,F,No,Yes,Yes,Yes,hand,1st,43363,y,n,n,n,CN,NotChick,A,M,Summer2017,40913.79,02-Sep-17,AM,23,146,123,AA,0.808849138,Y,5,25,1,1,1,1,1,0,0,0,0,0,3,9,1,1,0,0,1,,,,,,,
Sample.1.178,Sample.1.178,121,1,178,6862,10387,F,F,No,Yes,Yes,No,other,2nd,37668,y,y,y,y,CN,NotChick,SA,M,Summer2018,18130.86,30-Jun-18,AM,87,272,185,AA,1.029444358,Y,4,16,1,0,1,0,0,0,0,1,0,0,5,25,1,1,1,1,0,,,,,,,
Sample.2.394,Sample.2.394,122,2,394,NA,NA,Control,Extraction control,Yes,No,Yes,No,control,2nd,10109,n,n,n,n,NA,NotChick,NA,NA,NA,NA,NA,NA,NA,NA,NA,NA,NA,N,NA,NA,NA,NA,NA,NA,NA,NA,NA,NA,NA,NA,NA,NA,NA,NA,NA,NA,NA,,,,,,,
Sample.3.150b,Sample.3.150b,123,3,150,6846,10339,F,F,Yes,Yes,No,No,NA,2nd,24665,n,n,n,n,CN,NotChick,A,F,Winter2018,49520.6,24-Feb-18,AM,38,376,338,CC,1.029444358,Y,5,25,0,1,0,1,0,1,1,0,0,0,3,9,1,1,0,1,0,,,,,,,
Sample.4.303,Sample.4.303,124,4,303,6166,10470,F,F,No,No,No,No,tray,2nd,20565,y,y,y,y,CN,NotChick,A,M,Summer2018,22774.18,04-Sep-18,PM,21,185,164,AC,1.029444358,Y,6,36,1,1,1,1,1,1,0,0,0,0,2,4,1,1,0,0,0,,,,,,,
Sample.5.336,Sample.5.336,125,5,336,6747,10497,F,F,Yes,Yes,No,No,tray,2nd,33014,n,n,n,n,CN,NotChick,A,M,Summer2018,5894.06,13-Sep-18,AM,12,197,185,AA,0.808849138,Y,3,9,1,0,1,0,0,0,0,1,0,0,3,9,1,1,1,0,0,,,,,,,
Sample.6.291,Sample.6.291,126,6,291,6924,10537,F,F,No,No,No,No,tray,2nd,31665,y,y,y,y,CN,NotChick,FL,F,Summer2018,12804.76,01-Sep-18,PM,24,216,192,AA,1.176507837,Y,2,4,1,0,1,0,0,0,0,0,0,0,3,9,1,1,0,0,1,,,,,,,
Sample.7.341,Sample.7.341,127,7,341,5823,10527,F,F,No,No,No,No,tray,2nd,21698,y,y,y,y,CN,NotChick,A,F,Summer2018,8004.97,15-Sep-18,AM,10,230,220,AA,0.955912618,Y,6,36,1,0,1,1,0,0,1,0,1,1,2,4,1,1,0,0,0,,,,,,,
Sample.8.172,Sample.8.172,128,8,172,6857,10382,F,F,No,No,Yes,Yes,hand,2nd,22402,y,y,y,y,CN,NotChick,OFL,M,Summer2018,NA,24-Jun-18,PM,93,256,163,AC,1.029444358,Y,6,36,1,1,1,1,1,0,1,0,0,0,4,16,1,1,0,0,1,,,,,,,
Sample.9.188,Sample.9.188,129,9,188,6645,10391,F,F,No,Yes,Yes,Yes,other,2nd,23119,y,n,n,n,CN,NotChick,A,M,Summer2018,6716.88,05-Jul-18,PM,82,237,155,AC,0.735317398,Y,6,36,1,1,1,1,1,1,0,0,0,0,2,4,1,1,0,0,0,,,,,,,
Sample.10.365,Sample.10.365,130,10,365,6918,10521,F,F,No,No,No,No,tray,2nd,20887,y,y,y,y,CN,NotChick,FL,M,Summer2018,9718.46,20-Sep-18,PM,5,176,171,AC,0.955912618,Y,6,36,1,1,1,1,1,1,0,0,0,0,2,4,1,1,0,0,0,,,,,,,
Sample.11.345b,Sample.11.345b,131,11,345,6920,10523,F,F,Yes,Yes,No,No,tray,2nd,24726,n,n,n,n,CN,NotChick,FL,F,Summer2018,8147.51,15-Sep-18,PM,10,165,155,AA,1.029444358,Y,6,36,1,1,1,1,1,1,0,0,0,0,2,4,1,1,0,0,0,,,,,,,
Sample.12.255,Sample.12.255,132,12,255,5547,10460,F,F,No,Yes,Yes,No,other,2nd,1640,y,n,n,n,CN,NotChick,A,M,Summer2018,4398.15,20-Aug-18,AM,36,235,199,AC,0.661785658,Y,6,36,1,1,1,1,1,1,0,0,0,0,2,4,1,1,0,0,0,,,,,,,
Sample.13.186,Sample.13.186,133,13,186,6868,10399,F,F,No,Yes,Yes,No,hand,2nd,6036,y,n,n,n,CN,NotChick,OFL,M,Summer2018,4431.29,03-Jul-18,AM,84,276,192,AA,0.955912618,Y,2,4,0,0,0,0,1,0,0,1,0,0,5,25,1,1,1,1,0,,,,,,,
Sample.14.309,Sample.14.309,134,14,309,6377,10490,F,F,No,Yes,Yes,Yes,tray,2nd,39417,y,y,y,y,CN,NotChick,A,F,Summer2018,5065.94,06-Sep-18,AM,19,218,199,AC,1.176507837,Y,6,36,1,1,1,1,1,1,0,0,0,0,2,4,1,1,0,0,0,,,,,,,
Sample.15.40b,Sample.15.40b,135,15,40,6749,10175,F,F,Yes,Yes,No,No,bag,2nd,41800,n,n,n,n,CN,NotChick,FL,M,Summer2017,76468.09,10-Aug-17,PM,46,165,119,AA,0.735317398,Y,6,36,0,1,0,1,1,0,0,0,1,1,3,9,1,1,1,0,0,,,,,,,
Sample.16.266,Sample.16.266,136,16,266,6188,10449,F,F,No,Yes,Yes,Yes,tray,2nd,17409,y,y,y,y,CN,NotChick,A,F,Summer2018,16711.75,24-Aug-18,PM,32,231,199,AA,1.029444358,Y,6,36,1,0,1,1,0,0,1,0,1,1,3,9,1,1,0,0,1,,,,,,,
Sample.17.231,Sample.17.231,137,17,231,6272,10445,F,F,No,No,Yes,No,tray,2nd,39450,y,y,y,y,CN,NotChick,A,F,Summer2018,9740.73,02-Aug-18,AM,54,225,171,AC,1.102976097,Y,6,36,0,1,0,1,1,1,0,0,1,1,2,4,1,1,0,0,0,,,,,,,
Sample.18.292,Sample.18.292,138,18,292,6906,10494,F,F,No,Yes,Yes,Yes,tray,2nd,28052,y,y,y,y,CN,NotChick,OFL,M,Summer2018,6386.19,01-Sep-18,AM,24,174,150,AC,1.029444358,Y,5,25,1,0,1,1,0,0,1,0,1,0,2,4,1,1,0,0,0,,,,,,,
Sample.19.254,Sample.19.254,139,19,254,5630,10455,F,F,Yes,Yes,No,No,tray,2nd,23355,n,n,n,n,CN,NotChick,A,F,Summer2018,6386.19,22-Aug-18,AM,34,267,233,AC,1.176507837,Y,7,49,0,1,0,1,1,1,1,0,1,1,3,9,1,1,0,1,0,,,,,,,
Sample.20.238,Sample.20.238,140,20,238,6774,10428,F,F,No,No,Yes,Yes,tray,2nd,21639,y,y,y,n,CN,NotChick,A,M,Summer2018,5065.94,08-Aug-18,PM,48,282,234,CC,0.882380878,N,NA,NA,NA,NA,NA,NA,NA,NA,NA,NA,NA,NA,3,9,1,1,0,1,0,,,,,,,
Sample.21.202,Sample.21.202,141,21,202,6851,10403,F,F,No,No,Yes,No,tray,2nd,30003,y,y,y,y,CN,NotChick,OFL,F,Summer2018,5888.02,11-Jul-18,AM,76,261,185,AA,1.323571317,Y,6,36,0,1,0,1,0,0,1,0,1,1,5,25,1,1,1,1,0,,,,,,,
Sample.22.314,Sample.22.314,142,22,314,6902,10489,F,F,No,Yes,Yes,Yes,bag,2nd,35159,y,n,n,n,CN,NotChick,SA,F,Summer2018,9349.68,07-Sep-18,AM,18,181,163,AC,0.882380878,Y,4,16,0,1,0,0,1,1,0,1,0,0,4,16,1,1,1,1,0,,,,,,,
Sample.23.232,Sample.23.232,143,23,232,6754,10431,F,F,No,No,Yes,No,tray,2nd,33387,y,y,y,y,CN,NotChick,A,F,Summer2018,15549.87,02-Aug-18,AM,54,239,185,AA,1.250039577,Y,3,9,1,1,1,0,0,0,0,0,0,0,3,9,1,1,1,0,0,,,,,,,
Sample.24.170,Sample.24.170,144,24,170,6187,10378,F,F,Yes,Yes,Yes,No,bag,2nd,33800,n,n,n,n,CN,NotChick,A,F,Winter2018,15853.08,10-Mar-18,AM,24,354,330,AA,1.250039577,Y,2,4,1,0,1,0,0,0,0,0,0,0,3,9,1,1,0,0,1,,,,,,,
Sample.25.275,Sample.25.275,145,25,275,5595,10480,F,F,No,No,Yes,No,tray,2nd,39147,y,y,y,n,CN,NotChick,A,M,Summer2018,5969.8,30-Aug-18,AM,26,218,192,AC,0.955912618,Y,6,36,0,1,0,1,1,1,0,1,0,0,3,9,1,1,0,1,0,,,,,,,
Sample.26.211b,Sample.26.211b,146,26,211,6872,10411,F,F,Yes,Yes,Yes,No,tray,2nd,19082,n,n,n,n,CN,NotChick,SA,F,Summer2018,4890.59,17-Jul-18,AM,70,211,141,AC,0.661785658,Y,6,36,1,1,1,1,1,1,0,0,0,0,2,4,1,1,0,0,0,,,,,,,
Sample.27.287,Sample.27.287,147,27,287,6161,10465,F,F,No,No,Yes,Yes,tray,2nd,23731,y,y,y,y,CN,NotChick,A,F,Summer2018,9718.46,31-Aug-18,AM,25,245,220,CC,0.735317398,Y,6,36,1,1,1,1,1,1,0,0,0,0,2,4,1,1,0,0,0,,,,,,,
Sample.28.159,Sample.28.159,148,28,159,6139,10353,F,F,Yes,Yes,Yes,No,bag,2nd,40043,n,n,n,n,CN,NotChick,A,F,Winter2018,65641.01,02-Mar-18,PM,32,371,339,CC,0.955912618,Y,4,16,1,0,1,0,0,0,0,1,0,0,3,9,1,1,1,0,0,,,,,,,
Sample.29.195,Sample.29.195,149,29,195,6693,10405,F,F,No,No,Yes,No,tray,2nd,89504,y,y,y,n,CN,NotChick,A,F,Summer2018,9602.27,17-Jul-18,AM,70,241,171,AA,0.955912618,Y,6,36,1,1,1,1,1,0,1,0,0,0,5,25,1,1,1,1,0,,,,,,,
Sample.30.148,Sample.30.148,150,30,148,6152,10333,F,F,No,No,No,No,hand,2nd,41786,y,y,y,y,CN,NotChick,A,M,Winter2018,10785.5,26-Feb-18,AM,36,361,325,AA,1.250039577,Y,6,36,1,0,1,1,0,0,0,0,1,1,4,16,1,1,0,0,1,,,,,,,
Sample.31.241b,Sample.31.241b,151,31,241,6731,10447,F,F,Yes,Yes,Yes,No,tray,2nd,51734,n,n,n,n,CN,NotChick,A,M,Summer2018,14017.36,14-Aug-18,PM,42,192,150,AC,0.735317398,Y,2,4,1,0,1,0,0,0,0,0,0,0,3,9,1,1,0,0,1,,,,,,,
Sample.32.242,Sample.32.242,152,32,242,6893,10443,F,F,No,No,No,No,tray,2nd,43877,y,y,y,y,CN,NotChick,FL,M,Summer2018,11140.89,15-Aug-18,AM,41,196,155,AA,1.029444358,Y,6,36,1,0,1,1,0,0,1,0,1,1,3,9,1,1,0,0,1,,,,,,,
Sample.33.254b,Sample.33.254b,153,33,254,5630,10455,F,F,Yes,Yes,No,No,tray,2nd,40087,y,y,y,y,CN,NotChick,A,F,Summer2018,6386.19,22-Aug-18,AM,34,267,233,AC,1.176507837,Y,7,49,0,1,0,1,1,1,1,0,1,1,3,9,1,1,0,1,0,,,,,,,
Sample.34.253,Sample.34.253,154,34,253,6750,10450,F,F,No,No,Yes,No,tray,2nd,48571,y,y,y,y,CN,NotChick,A,M,Summer2018,NA,21-Aug-18,AM,35,255,220,AA,1.102976097,Y,6,36,1,1,1,1,1,1,0,0,0,0,2,4,1,1,0,0,0,,,,,,,
Sample.35.302,Sample.35.302,155,35,302,5644,10473,F,F,No,No,No,No,tray,2nd,35505,y,y,y,y,CN,NotChick,A,F,Summer2018,19708.4,04-Sep-18,AM,21,206,185,AC,1.102976097,Y,5,25,0,1,0,1,1,1,0,1,0,0,4,16,1,1,1,1,0,,,,,,,
Sample.36.315,Sample.36.315,156,36,315,6899,10486,F,F,No,No,Yes,Yes,other,2nd,50500,y,y,y,n,CN,NotChick,FL,M,Summer2018,NA,07-Sep-18,PM,18,216,198,AC,1.102976097,Y,5,25,0,1,0,1,1,1,1,0,0,0,2,4,1,1,0,0,0,,,,,,,
Sample.37.343,Sample.37.343,157,37,343,6921,10524,F,F,No,No,No,No,tray,2nd,20799,y,y,y,y,CN,NotChick,FL,M,Summer2018,22774.18,15-Sep-18,PM,10,202,192,AA,0.882380878,Y,2,4,1,0,1,0,0,0,0,0,0,0,5,25,1,1,0,0,1,,,,,,,
Sample.38.196,Sample.38.196,158,38,196,6139,10410,F,F,No,No,Yes,Yes,tray,2nd,39617,y,y,y,n,CN,NotChick,A,F,Summer2018,14017.36,17-Jul-18,AM,70,255,185,CC,0.955912618,Y,4,16,1,0,1,0,0,0,0,1,0,0,3,9,1,1,1,0,0,,,,,,,
Sample.39.371b,Sample.39.371b,159,39,371,NA,NA,Control,Extraction control,Yes,No,Yes,No,control,2nd,2381,n,n,n,n,NA,NotChick,NA,NA,NA,NA,NA,NA,NA,NA,NA,NA,NA,N,NA,NA,NA,NA,NA,NA,NA,NA,NA,NA,NA,NA,NA,NA,NA,NA,NA,NA,NA,,,,,,,
Sample.40.112b,Sample.40.112b,160,40,112,5547,10244,F,F,Yes,Yes,Yes,No,bag,2nd,224,n,n,n,n,CN,NotChick,A,M,Summer2017,41968.89,10-Sep-17,AM,15,138,123,AC,0.661785658,Y,6,36,1,1,1,1,1,1,0,0,0,0,2,4,1,1,0,0,0,,,,,,,
Sample.41.256,Sample.41.256,161,41,256,6890,10439,F,F,No,No,No,No,tray,2nd,17131,y,y,y,y,CN,NotChick,FL,M,Summer2018,9602.27,22-Aug-18,AM,34,268,234,AA,0.882380878,Y,5,25,1,1,0,1,1,0,1,0,0,0,3,9,1,1,1,0,0,,,,,,,
Sample.42.311,Sample.42.311,162,42,311,6898,10485,F,F,Yes,Yes,No,No,tray,2nd,38482,n,n,n,n,CN,NotChick,FL,M,Summer2018,8478.7,07-Sep-18,AM,18,210,192,AC,0.661785658,Y,4,16,1,0,1,0,0,0,0,1,0,0,3,9,1,1,1,0,0,,,,,,,
Sample.43.144,Sample.43.144,163,43,144,6757,10321,F,F,No,No,Yes,No,hand,2nd,25295,y,y,y,y,CN,NotChick,SA,F,Winter2018,NA,19-Feb-18,AM,43,451,408,AA,0.661785658,Y,6,36,1,1,1,1,1,1,0,0,0,0,2,4,1,1,0,0,0,,,,,,,
Sample.44.251,Sample.44.251,164,44,251,6777,10142,F,F,No,No,Yes,No,other,2nd,35776,y,y,y,n,CN,NotChick,A,M,Summer2018,3832.91,18-Aug-18,PM,38,202,164,AA,1.102976097,N,6,36,1,1,1,1,1,0,1,0,0,0,NA,NA,NA,NA,NA,NA,NA,,,,,,,
Sample.45.329,Sample.45.329,165,45,329,6859,10501,F,F,No,Yes,Yes,Yes,hand,2nd,51651,y,n,n,n,CN,NotChick,SA,M,Summer2018,9115.13,12-Sep-18,AM,13,168,155,AC,1.029444358,Y,7,49,0,1,0,1,1,1,0,0,1,1,2,4,1,1,0,0,0,,,,,,,
Sample.46.330,Sample.46.330,166,46,330,6894,10500,F,F,Yes,Yes,Yes,Yes,tray,2nd,31202,y,y,y,n,CN,NotChick,OFL,M,Summer2018,5998.7,12-Sep-18,AM,13,176,163,AA,1.029444358,Y,7,49,1,1,0,1,1,1,0,0,0,0,2,4,1,1,0,0,0,,,,,,,
Sample.47.12,Sample.47.12,167,47,12,6730,10146,F,F,No,Yes,Yes,No,hand,2nd,884,y,n,n,n,CN,NotChick,FL,M,Summer2017,127889.23,10-Jul-17,AM,77,163,86,AA,1.397103057,Y,4,16,0,1,0,1,1,1,0,0,0,0,3,9,1,1,0,1,0,,,,,,,
Sample.48.182,Sample.48.182,168,48,182,6869,10400,F,F,No,Yes,Yes,No,hand,2nd,33482,y,y,y,y,CN,NotChick,OFL,F,Summer2018,8887.82,03-Jul-18,AM,84,304,220,AA,1.102976097,Y,6,36,0,1,0,1,1,1,0,1,0,0,4,16,1,1,1,1,0,,,,,,,
Sample.49.336b,Sample.49.336b,169,49,336,6747,10497,F,F,Yes,Yes,No,No,tray,2nd,60304,y,y,y,y,CN,NotChick,A,M,Summer2018,5894.06,13-Sep-18,AM,12,197,185,AA,0.808849138,Y,3,9,1,0,1,0,0,0,0,1,0,0,3,9,1,1,1,0,0,,,,,,,
Sample.50.279,Sample.50.279,170,50,279,6857,10478,F,F,No,No,Yes,Yes,tray,2nd,46643,y,y,y,n,CN,NotChick,SA,M,Summer2018,NA,30-Aug-18,PM,26,224,198,AC,1.029444358,Y,6,36,1,1,1,1,1,0,1,0,0,0,4,16,1,1,0,0,1,,,,,,,
Sample.51.346,Sample.51.346,171,51,346,6843,10508,F,F,No,No,No,No,tray,2nd,32012,y,y,y,y,CN,NotChick,SA,F,Summer2018,12566.71,17-Sep-18,AM,8,171,163,AA,1.470634797,Y,6,36,1,1,1,1,1,1,0,0,0,0,2,4,1,1,0,0,0,,,,,,,
Sample.52.160,Sample.52.160,172,52,160,6217,10354,F,F,No,No,No,No,bag,2nd,25498,y,y,y,y,CN,NotChick,A,F,Winter2018,31393.52,03-Mar-18,AM,31,404,373,AA,1.250039577,Y,6,36,1,1,1,1,1,1,0,0,0,0,2,4,1,1,0,0,0,,,,,,,
Sample.53.230,Sample.53.230,173,53,230,6882,10430,F,F,No,Yes,Yes,Yes,hand,2nd,38923,y,n,n,n,CN,NotChick,FL,F,Summer2018,12291.88,02-Aug-18,AM,54,253,199,AA,1.470634797,Y,5,25,1,1,1,1,1,0,0,0,0,0,3,9,1,1,1,0,0,,,,,,,
Sample.54.332,Sample.54.332,174,54,332,6879,10502,F,F,No,No,Yes,Yes,tray,2nd,36366,y,y,y,y,CN,NotChick,SA,F,Summer2018,17438.84,12-Sep-18,AM,13,184,171,AA,1.176507837,Y,7,49,0,1,0,1,1,1,0,0,1,1,2,4,1,1,0,0,0,,,,,,,
Sample.55.5b,Sample.55.5b,175,55,5,6734,10150,F,F,Yes,Yes,Yes,No,bag,2nd,290,n,n,n,n,CN,NotChick,FL,M,Summer2017,39351.16,06-Jul-17,AM,81,195,114,AA,1.029444358,Y,6,36,1,1,1,1,1,1,0,0,0,0,2,4,1,1,0,0,0,,,,,,,
Sample.56.199,Sample.56.199,176,56,199,6692,10409,F,F,Yes,Yes,No,No,tray,2nd,31832,n,n,n,n,CN,NotChick,A,M,Summer2018,14017.36,17-Jul-18,AM,70,290,220,AC,1.029444358,Y,5,25,1,1,0,1,1,1,0,0,0,0,4,16,1,1,1,1,0,,,,,,,
Sample.57.247,Sample.57.247,177,57,247,6840,10484,F,F,No,No,Yes,Yes,tray,2nd,36686,y,y,y,y,CN,NotChick,SA,F,Summer2018,7201.9,17-Aug-18,AM,39,180,141,CC,1.102976097,Y,3,9,1,0,1,0,0,0,0,1,0,0,3,9,1,1,1,0,0,,,,,,,
Sample.58.58,Sample.58.58,178,58,58,5635,10187,F,F,No,Yes,Yes,Yes,bag,2nd,29588,y,n,n,n,CN,NotChick,A,F,Summer2017,95885.91,16-Aug-17,PM,40,560,520,AA,0.882380878,Y,6,36,1,1,1,1,1,0,1,0,0,0,4,16,1,1,0,0,1,,,,,,,
Sample.59.334,Sample.59.334,179,59,334,6909,10503,F,F,No,No,No,No,tray,2nd,40848,y,y,y,y,CN,NotChick,SA,F,Summer2018,13252.4,12-Sep-18,AM,13,212,199,AC,1.176507837,Y,6,36,1,1,1,1,1,1,0,0,0,0,2,4,1,1,0,0,0,,,,,,,
Sample.60.10,Sample.60.10,180,60,10,6729,10145,F,F,No,Yes,Yes,Yes,other,2nd,32361,y,y,n,n,CN,NotChick,SA,F,Summer2017,63064.91,11-Jul-17,AM,76,591,515,CC,1.250039577,N,NA,NA,NA,NA,NA,NA,NA,NA,NA,NA,NA,NA,2,4,1,1,0,0,0,,,,,,,
Sample.61.316b,Sample.61.316b,181,61,316,6901,10488,F,F,Yes,Yes,No,No,tray,2nd,33505,n,n,n,n,CN,NotChick,FL,F,Summer2018,5875.21,07-Sep-18,PM,18,189,171,AA,0.661785658,Y,6,36,1,1,1,1,1,0,1,0,0,0,2,4,1,1,0,0,0,,,,,,,
Sample.62.278,Sample.62.278,182,62,278,6863,10482,F,F,No,No,Yes,Yes,tray,2nd,19471,y,y,y,y,CN,NotChick,FL,M,Summer2018,9220.5,30-Aug-18,AM,26,189,163,AC,0.955912618,Y,6,36,1,0,1,1,0,0,1,0,1,1,3,9,1,1,0,0,1,,,,,,,
Sample.63.210,Sample.63.210,183,63,210,6872,10411,F,F,No,Yes,Yes,Yes,other,2nd,40115,y,n,n,n,CN,NotChick,SA,F,Summer2018,4890.59,17-Jul-18,AM,70,248,178,AC,0.661785658,Y,6,36,1,1,1,1,1,1,0,0,0,0,2,4,1,1,0,0,0,,,,,,,
Sample.64.171,Sample.64.171,184,64,171,6858,10383,F,F,No,No,No,No,hand,2nd,10655,y,y,y,y,CN,Chick,CH,M,Summer2018,5065.94,22-Jun-18,PM,95,236,141,CC,0.808849138,Y,2,4,1,0,1,0,0,0,0,0,0,0,4,16,1,1,0,0,1,,,,,,,
Sample.65.265,Sample.65.265,185,65,265,6188,10449,F,F,No,Yes,Yes,Yes,hand,2nd,48446,y,n,n,n,CN,NotChick,A,F,Summer2018,16711.75,24-Aug-18,PM,32,173,141,AA,1.029444358,Y,6,36,1,0,1,1,0,0,1,0,1,1,3,9,1,1,0,0,1,,,,,,,
Sample.66.298,Sample.66.298,186,66,298,6158,10474,F,F,No,No,No,No,bag,2nd,38247,y,y,y,y,CN,NotChick,A,M,Summer2018,15353.45,04-Sep-18,PM,21,220,199,AC,1.102976097,Y,2,4,1,0,1,0,0,0,0,0,0,0,3,9,1,1,1,0,0,,,,,,,
Sample.67.234,Sample.67.234,187,67,234,6880,10427,F,F,No,Yes,Yes,Yes,hand,2nd,19476,y,n,n,n,CN,Chick,CH,M,Summer2018,1368.03,03-Aug-18,AM,53,287,234,AC,1.102976097,Y,6,36,1,1,0,1,1,1,0,1,0,0,3,9,1,1,1,0,0,,,,,,,
Sample.68.71b,Sample.68.71b,188,68,71,5292,10210,F,F,Yes,Yes,No,No,bag,2nd,17819,n,n,n,n,CN,NotChick,A,M,Summer2017,66247.97,21-Aug-17,PM,35,157,122,AA,1.176507837,Y,6,36,1,0,1,1,0,0,1,0,1,1,2,4,1,1,0,0,0,,,,,,,
Sample.69.318,Sample.69.318,189,69,318,6215,10479,F,F,No,Yes,Yes,Yes,bag,2nd,38217,y,n,n,n,CN,NotChick,A,F,Summer2018,5875.21,07-Sep-18,PM,18,217,199,AA,0.735317398,Y,6,36,1,1,1,1,1,0,1,0,0,0,4,16,1,1,0,0,1,,,,,,,
Sample.70.344,Sample.70.344,190,70,344,6922,10525,F,F,No,No,No,No,tray,2nd,64069,y,y,y,y,CN,NotChick,FL,F,Summer2018,57427.76,15-Sep-18,PM,10,160,150,AA,1.250039577,Y,6,36,1,1,1,1,1,1,0,0,0,0,2,4,1,1,0,0,0,,,,,,,
Sample.71.241,Sample.71.241,191,71,241,6731,10447,F,F,Yes,Yes,Yes,No,tray,2nd,60447,y,y,y,n,CN,NotChick,A,M,Summer2018,14017.36,14-Aug-18,PM,42,192,150,AC,0.735317398,Y,2,4,1,0,1,0,0,0,0,0,0,0,3,9,1,1,0,0,1,,,,,,,
Sample.72.362,Sample.72.362,192,72,362,6917,10520,F,F,No,No,No,No,tray,2nd,32735,y,y,y,y,CN,NotChick,A,F,Summer2018,20983.14,20-Sep-18,AM,5,169,164,AA,0.588253919,N,NA,NA,NA,NA,NA,NA,NA,NA,NA,NA,NA,NA,3,9,1,1,0,0,1,,,,,,,
Sample.73.194,Sample.73.194,193,73,194,6645,10391,F,F,No,Yes,Yes,Yes,hand,2nd,39474,y,y,y,y,CN,NotChick,A,M,Summer2018,6716.88,05-Jul-18,PM,82,281,199,AC,0.735317398,Y,6,36,1,1,1,1,1,1,0,0,0,0,2,4,1,1,0,0,0,,,,,,,
Sample.74.356b,Sample.74.356b,194,74,356,6181,10515,F,F,Yes,Yes,No,No,tray,2nd,239437,y,y,y,y,CN,NotChick,A,F,Summer2018,12566.71,18-Sep-18,AM,7,227,220,AC,0.882380878,Y,7,49,1,1,1,1,1,1,0,0,0,0,2,4,1,1,0,0,0,,,,,,,
Sample.75.317,Sample.75.317,195,75,317,6899,na,F,F,No,No,Yes,Yes,other,2nd,37883,y,y,y,y,CN,NotChick,FL,M,Summer2018,NA,07-Sep-18,PM,18,196,178,AC,1.102976097,Y,5,25,0,1,0,1,1,1,1,0,0,0,2,4,1,1,0,0,0,,,,,,,
Sample.76.357,Sample.76.357,196,76,357,6914,10510,F,F,No,Yes,Yes,Yes,hand,2nd,39825,y,n,n,n,CN,NotChick,FL,M,Summer2018,2099.71,17-Sep-18,PM,8,241,233,AA,0.955912618,Y,5,25,0,1,0,1,1,1,0,0,0,0,2,4,1,1,0,0,0,,,,,,,
Sample.77.229,Sample.77.229,197,77,229,6880,10427,F,F,No,Yes,Yes,Yes,tray,2nd,38291,y,y,y,y,CN,Chick,CH,M,Summer2018,1368.03,03-Aug-18,AM,53,231,178,AC,1.102976097,Y,6,36,1,1,0,1,1,1,0,1,0,0,3,9,1,1,1,0,0,,,,,,,
Sample.78.310,Sample.78.310,198,78,310,6377,10490,F,F,No,Yes,Yes,Yes,bag,2nd,11067,y,n,n,n,CN,NotChick,A,F,Summer2018,5065.94,06-Sep-18,AM,19,253,234,AC,1.176507837,Y,6,36,1,1,1,1,1,1,0,0,0,0,2,4,1,1,0,0,0,,,,,,,
Sample.79.261,Sample.79.261,199,79,261,6888,10437,F,F,No,No,No,No,tray,2nd,116782,y,y,y,y,CN,NotChick,SA,F,Summer2018,9718.46,23-Aug-18,AM,33,196,163,AA,0.955912618,Y,4,16,0,1,0,1,1,1,0,0,0,0,3,9,1,1,0,1,0,,,,,,,
Sample.80.236,Sample.80.236,200,80,236,6877,10416,F,F,Yes,Yes,No,No,tray,2nd,84790,y,y,y,y,CN,NotChick,FL,M,Summer2018,9981.79,07-Aug-18,AM,49,282,233,AA,0.808849138,Y,5,25,0,1,0,1,1,1,1,0,0,0,2,4,1,1,0,0,0,,,,,,,
Sample.81.212,Sample.81.212,201,81,212,6854,10406,F,F,No,No,No,No,tray,2nd,25516,y,y,y,y,CN,NotChick,OFL,M,Summer2018,14017.36,17-Jul-18,AM,70,269,199,AC,1.102976097,N,6,36,1,1,1,1,1,1,0,0,0,0,NA,NA,NA,NA,NA,NA,NA,,,,,,,
Sample.82.211,Sample.82.211,202,82,211,6872,10411,F,F,Yes,Yes,Yes,Yes,tray,2nd,51724,y,y,y,y,CN,NotChick,SA,F,Summer2018,4890.59,17-Jul-18,AM,70,211,141,AC,0.661785658,Y,6,36,1,1,1,1,1,1,0,0,0,0,2,4,1,1,0,0,0,,,,,,,
Sample.83.325,Sample.83.325,203,83,325,6732,10532,F,F,No,No,Yes,Yes,tray,2nd,54455,y,y,y,n,CN,NotChick,A,M,Summer2018,NA,11-Sep-18,AM,14,213,199,AA,0.661785658,Y,7,49,0,1,0,1,1,1,0,0,1,1,2,4,1,1,0,0,0,,,,,,,
Sample.84.321,Sample.84.321,204,84,321,6927,10540,F,F,No,Yes,Yes,Yes,tray,2nd,39837,y,y,y,y,CN,NotChick,FL,M,Summer2018,17837.56,10-Sep-18,AM,15,179,164,AA,0.808849138,Y,6,36,1,0,1,1,0,0,1,0,1,1,2,4,1,1,0,0,0,,,,,,,
Sample.85.327b,Sample.85.327b,205,85,327,6230,10530,F,F,Yes,Yes,No,No,tray,2nd,85556,n,n,n,n,CN,NotChick,A,M,Summer2018,6682.6,11-Sep-18,AM,14,206,192,AA,1.176507837,Y,6,36,1,1,1,1,1,1,0,0,0,0,5,25,1,1,1,1,0,,,,,,,
Sample.86.11,Sample.86.11,206,86,11,6735,10151,F,F,No,Yes,Yes,Yes,bag,2nd,24878,y,n,n,n,CN,NotChick,A,F,Summer2017,32073.94,20-Jul-17,PM,67,190,123,AC,1.250039577,Y,3,9,1,0,1,0,0,0,0,1,0,0,3,9,1,1,1,0,0,,,,,,,
Sample.87.348,Sample.87.348,207,87,348,6913,10507,F,F,Yes,Yes,No,No,tray,2nd,27650,n,n,n,n,CN,NotChick,FL,M,Summer2018,10233.73,17-Sep-18,AM,8,179,171,AA,0.882380878,Y,4,16,0,1,0,1,1,1,0,0,0,0,2,4,1,1,0,0,0,,,,,,,
Sample.88.233,Sample.88.233,208,88,233,5543,10419,F,F,No,No,No,No,tray,2nd,35390,y,y,y,y,CN,NotChick,A,F,Summer2018,17438.84,04-Aug-18,AM,52,216,164,AA,1.323571317,Y,5,25,1,0,1,1,0,0,0,0,1,1,3,9,1,1,0,0,1,,,,,,,
Sample.89.306,Sample.89.306,209,89,306,6750,NA,F,F,No,No,Yes,No,other-deadbird,2nd,357584,n,n,n,n,CN,NotChick,A,M,Summer2018,NA,05-Sep-18,NA,20,254,234,AA,1.102976097,Y,6,36,1,1,1,1,1,1,0,0,0,0,2,4,1,1,0,0,0,,,,,,,
Sample.90.219b,Sample.90.219b,210,90,219,1762,10422,F,F,Yes,Yes,Yes,No,tray,2nd,34143,n,n,n,n,CN,NotChick,A,M,Summer2018,8842,22-Jul-18,PM,65,250,185,AA,1.323571317,Y,4,16,0,1,0,1,1,1,0,0,0,0,4,16,1,1,0,1,0,,,,,,,
Sample.91.288,Sample.91.288,211,91,288,6548,10463,F,F,No,No,Yes,Yes,tray,2nd,46788,y,y,y,n,CN,NotChick,A,M,Summer2018,10646.86,31-Aug-18,AM,25,258,233,AA,1.029444358,Y,5,25,1,0,1,1,0,0,0,0,1,1,3,9,1,1,1,0,0,,,,,,,
Sample.92.320,Sample.92.320,212,92,320,6900,10487,F,F,No,No,No,No,tray,2nd,50571,y,y,y,y,CN,NotChick,SA,M,Summer2018,8842,07-Sep-18,PM,18,203,185,AC,0.882380878,Y,3,9,1,0,1,0,0,0,0,1,0,0,3,9,1,1,1,0,0,,,,,,,
Sample.93.319,Sample.93.319,213,93,319,6215,10479,F,F,No,Yes,Yes,Yes,tray,2nd,41679,y,y,y,y,CN,NotChick,A,F,Summer2018,5875.21,07-Sep-18,PM,18,210,192,AA,0.735317398,Y,6,36,1,1,1,1,1,0,1,0,0,0,4,16,1,1,0,0,1,,,,,,,
Sample.94.p1b,Sample.94.p1b,214,94,p1,NA,NA,Control,Positive control,Yes,No,Yes,No,control,2nd,157121,n,n,n,n,NA,NotChick,NA,NA,NA,NA,NA,NA,NA,NA,NA,NA,NA,N,NA,NA,NA,NA,NA,NA,NA,NA,NA,NA,NA,NA,NA,NA,NA,NA,NA,NA,NA,,,,,,,
Sample.95.43b,Sample.95.43b,215,95,43,6750,10176,F,F,Yes,Yes,Yes,No,other,2nd,2339,y,n,n,n,CN,Chick,CH,M,Summer2017,43152.92,01-Aug-17,PM,55,174,119,AA,1.102976097,Y,6,36,1,1,1,1,1,1,0,0,0,0,2,4,1,1,0,0,0,,,,,,,
Sample.96.316,Sample.96.316,216,96,316,6901,10488,F,F,Yes,Yes,No,No,tray,2nd,43730,y,y,y,y,CN,NotChick,FL,F,Summer2018,5875.21,07-Sep-18,PM,18,189,171,AA,0.661785658,Y,6,36,1,1,1,1,1,0,1,0,0,0,2,4,1,1,0,0,0,,,,,,,
Sample.97.175,Sample.97.175,217,97,175,6860,10385,F,F,No,No,No,No,hand,2nd,40655,y,y,y,y,CN,NotChick,OFL,M,Summer2018,20325.88,29-Jun-18,PM,88,266,178,AA,0.661785658,Y,6,36,1,1,1,1,1,1,0,0,0,0,2,4,1,1,0,0,0,,,,,,,
Sample.98.252,Sample.98.252,218,98,252,6879,10457,F,F,No,No,Yes,Yes,tray,2nd,55765,y,y,y,n,CN,NotChick,SA,F,Summer2018,17438.84,21-Aug-18,AM,35,255,220,AA,1.176507837,Y,7,49,0,1,0,1,1,1,0,0,1,1,2,4,1,1,0,0,0,,,,,,,
Sample.99.364,Sample.99.364,219,99,364,6919,10522,F,F,No,No,No,No,tray,2nd,44934,y,y,y,y,CN,NotChick,FL,F,Summer2018,9718.46,20-Sep-18,PM,5,203,198,AA,1.102976097,N,NA,NA,NA,NA,NA,NA,NA,NA,NA,NA,NA,NA,NA,NA,NA,NA,NA,NA,NA,,,,,,,
Sample.100.323,Sample.100.323,220,100,323,5549,10528,F,F,No,No,No,No,tray,2nd,40867,y,y,y,y,CN,NotChick,A,F,Summer2018,17837.56,10-Sep-18,AM,15,235,220,AA,1.397103057,Y,6,36,1,1,1,1,1,1,0,0,0,0,2,4,1,1,0,0,0,,,,,,,
Sample.101.159b,Sample.101.159b,221,101,159,6139,10353,F,F,Yes,Yes,Yes,No,bag,2nd,68593,y,y,y,n,CN,NotChick,A,F,Winter2018,65641.01,02-Mar-18,PM,32,371,339,CC,0.955912618,Y,4,16,1,0,1,0,0,0,0,1,0,0,3,9,1,1,1,0,0,,,,,,,
Sample.102.218,Sample.102.218,222,102,218,6856,10424,F,F,No,No,No,No,tray,2nd,57421,y,y,y,y,CN,NotChick,SA,F,Summer2018,8147.51,23-Jul-18,PM,64,297,233,AA,1.102976097,Y,5,25,1,0,1,1,0,0,0,0,1,1,3,9,1,1,0,0,1,,,,,,,
Sample.103.p2b,Sample.103.p2b,223,103,p2,NA,NA,Control,Positive control,Yes,No,Yes,No,control,2nd,415443,n,n,n,n,NA,NotChick,NA,NA,NA,NA,NA,NA,NA,NA,NA,NA,NA,N,NA,NA,NA,NA,NA,NA,NA,NA,NA,NA,NA,NA,NA,NA,NA,NA,NA,NA,NA,,,,,,,
Sample.104.293,Sample.104.293,224,104,293,6571,10476,F,F,No,No,No,No,tray,2nd,39168,y,y,y,y,CN,NotChick,A,F,Summer2018,12804.76,01-Sep-18,PM,24,179,155,AC,1.176507837,Y,6,36,1,1,1,1,1,1,0,0,0,0,2,4,1,1,0,0,0,,,,,,,
Sample.105.220,Sample.105.220,225,105,220,6875,10414,F,F,Yes,Yes,No,No,tray,2nd,42793,y,y,y,y,CN,NotChick,SA,F,Summer2018,25238.2,25-Jul-18,AM,62,296,234,AC,1.176507837,N,NA,NA,NA,NA,NA,NA,NA,NA,NA,NA,NA,NA,4,16,1,1,0,0,1,,,,,,,
Sample.106.189,Sample.106.189,226,106,189,6867,10398,F,F,No,Yes,Yes,No,other,2nd,9635,y,y,y,y,CN,NotChick,OFL,M,Summer2018,4615.71,03-Jul-18,PM,84,247,163,AC,0.735317398,Y,3,9,0,0,0,0,1,1,0,1,0,0,4,16,1,1,1,1,0,,,,,,,
Sample.107.136,Sample.107.136,227,107,136,6381,10329,F,F,No,No,No,No,bag,2nd,64948,y,y,y,y,CN,NotChick,A,M,Winter2018,25429.07,22-Feb-18,AM,40,386,346,CC,0.882380878,Y,6,36,1,0,1,1,0,0,1,0,1,1,4,16,1,1,0,0,1,,,,,,,
Sample.108.335,Sample.108.335,228,108,335,6751,10498,F,F,No,No,Yes,No,tray,2nd,43285,y,y,y,n,CN,NotChick,A,M,Summer2018,17238.4,13-Sep-18,AM,12,204,192,AA,1.323571317,Y,6,36,1,1,1,1,1,1,0,0,0,0,1,1,0,1,0,0,0,,,,,,,
Sample.109.286,Sample.109.286,229,109,286,6019,10466,F,F,No,No,No,No,tray,2nd,24752,y,y,y,y,CN,NotChick,A,M,Summer2018,11140.89,31-Aug-18,AM,25,259,234,AC,1.102976097,Y,5,25,1,1,1,1,1,0,0,0,0,0,3,9,1,1,0,0,1,,,,,,,
Sample.110.225,Sample.110.225,230,110,225,6881,10429,F,F,No,No,No,No,tray,2nd,25391,y,y,y,y,CN,NotChick,OFL,F,Summer2018,18965.57,30-Jul-18,PM,57,220,163,AC,0.808849138,Y,5,25,0,1,0,1,0,0,0,0,1,1,3,9,1,1,1,0,0,,,,,,,
Sample.111.181,Sample.111.181,231,111,181,6870,10401,F,F,No,Yes,Yes,Yes,hand,2nd,21456,y,n,y,y,CN,NotChick,OFL,M,Summer2018,7117.39,02-Jul-18,PM,85,226,141,AC,1.176507837,Y,6,36,1,1,1,1,1,1,0,0,0,0,3,9,1,1,1,0,0,,,,,,,
Sample.112.198,Sample.112.198,232,112,198,5776,10404,F,F,No,No,No,No,tray,2nd,54033,y,y,y,y,CN,NotChick,A,M,Summer2018,16000.94,14-Jul-18,AM,73,271,198,AC,0.882380878,Y,4,16,0,1,0,1,1,1,0,0,0,0,2,4,1,1,0,0,0,,,,,,,
Sample.113.220b,Sample.113.220b,233,113,220,6875,10414,F,F,Yes,Yes,No,No,tray,2nd,38190,n,n,n,n,CN,NotChick,SA,F,Summer2018,25238.2,25-Jul-18,AM,62,296,234,AC,1.176507837,N,NA,NA,NA,NA,NA,NA,NA,NA,NA,NA,NA,NA,4,16,1,1,0,0,1,,,,,,,
Sample.114.187,Sample.114.187,234,114,187,6863,10394,F,F,No,Yes,Yes,Yes,hand,2nd,25343,y,n,n,n,CN,NotChick,FL,M,Summer2018,9220.5,04-Jul-18,AM,83,233,150,AC,0.955912618,Y,6,36,1,0,1,1,0,0,1,0,1,1,3,9,1,1,0,0,1,,,,,,,
Sample.115.349,Sample.115.349,235,115,349,6760,10536,F,F,No,No,No,No,tray,2nd,42809,y,y,y,y,CN,NotChick,A,M,Summer2018,12566.71,17-Sep-18,AM,8,186,178,AA,0.955912618,Y,4,16,1,0,1,0,1,0,0,1,0,0,3,9,1,1,1,0,0,,,,,,,
Sample.116.128b,Sample.116.128b,236,116,128,NA,NA,Control,Collection control,Yes,No,No,No,control,2nd,34268,n,n,n,n,NA,NotChick,NA,NA,NA,NA,NA,NA,NA,NA,NA,NA,NA,N,NA,NA,NA,NA,NA,NA,NA,NA,NA,NA,NA,NA,NA,NA,NA,NA,NA,NA,NA,,,,,,,
Sample.117.41b,Sample.117.41b,237,117,41,6222,10221,F,F,Yes,Yes,No,No,other,2nd,819,n,n,n,n,CN,NotChick,A,M,Summer2017,140885.09,28-Aug-17,AM,28,147,119,AA,0.808849138,N,NA,NA,NA,NA,NA,NA,NA,NA,NA,NA,NA,NA,3,9,1,1,0,1,0,,,,,,,
Sample.118.263,Sample.118.263,238,118,263,6865,10396,F,F,No,Yes,Yes,Yes,other,2nd,53455,y,n,n,n,CN,NotChick,FL,M,Summer2018,11059.07,07-Jul-18,PM,80,251,171,AA,0.882380878,Y,6,36,1,1,1,1,1,1,0,0,0,0,3,9,1,1,0,0,1,,,,,,,
Sample.119.277,Sample.119.277,239,119,277,1826,10481,F,F,No,No,Yes,No,tray,2nd,73679,y,y,y,y,CN,NotChick,A,F,Summer2018,7624.43,30-Aug-18,AM,26,181,155,AA,0.808849138,Y,2,4,1,0,1,0,0,0,0,0,0,0,3,9,1,1,0,0,1,,,,,,,
Sample.120.260,Sample.120.260,240,120,260,6891,10440,F,F,No,No,No,No,tray,2nd,80440,y,y,y,y,CN,NotChick,FL,F,Summer2018,14017.36,22-Aug-18,AM,34,189,155,CC,0.882380878,Y,2,4,1,0,0,0,0,0,0,1,0,0,5,25,1,1,1,1,0,,,,,,,
Sample.121.149,Sample.121.149,241,121,149,6009,10345,F,F,No,No,No,No,bag,2nd,41725,y,y,y,y,CN,NotChick,A,F,Winter2018,15375.92,28-Feb-18,AM,34,364,330,AA,0.808849138,Y,5,25,1,0,1,1,0,0,0,0,1,1,3,9,1,1,0,0,1,,,,,,,
Sample.122.197,Sample.122.197,242,122,197,1762,10392,F,F,No,Yes,Yes,Yes,other,2nd,71510,y,y,y,y,CN,NotChick,A,M,Summer2018,8842,07-Jul-18,AM,80,244,164,AA,1.323571317,Y,4,16,0,1,0,1,1,1,0,0,0,0,4,16,1,1,0,1,0,,,,,,,
Sample.123.56b,Sample.123.56b,243,123,56,6757,10192,F,F,Yes,Yes,Yes,No,bag,2nd,400641,y,y,y,n,CN,NotChick,FL,F,Summer2017,87182.2,19-Aug-17,PM,37,159,122,AA,0.661785658,Y,6,36,1,1,1,1,1,1,0,0,0,0,2,4,1,1,0,0,0,,,,,,,
Sample.124.297,Sample.124.297,244,124,297,6911,10505,F,F,No,No,No,No,tray,2nd,57267,y,y,y,y,CN,NotChick,FL,M,Summer2018,19708.4,04-Sep-18,AM,21,199,178,AA,0.882380878,Y,4,16,0,1,0,1,1,1,0,0,0,0,4,16,1,1,0,1,0,,,,,,,
Sample.125.295,Sample.125.295,245,125,295,6897,10475,F,F,No,No,Yes,Yes,tray,2nd,47412,y,y,y,y,CN,NotChick,SA,M,Summer2018,12291.88,03-Sep-18,AM,22,220,198,AA,0.808849138,Y,6,36,1,1,1,1,1,1,0,0,0,0,2,4,1,1,0,0,0,,,,,,,
Sample.126.348b,Sample.126.348b,246,126,348,6913,10507,F,F,Yes,Yes,No,No,tray,2nd,69484,y,y,y,y,CN,NotChick,FL,M,Summer2018,10233.73,17-Sep-18,AM,8,179,171,AA,0.882380878,Y,4,16,0,1,0,1,1,1,0,0,0,0,2,4,1,1,0,0,0,,,,,,,
Sample.127.205,Sample.127.205,247,127,205,6855,10141,F,F,No,No,No,No,other,2nd,14801,y,y,y,y,CN,NotChick,OFL,M,Summer2018,9718.46,10-Jul-18,PM,77,227,150,AC,0.808849138,Y,6,36,1,1,1,1,1,1,0,0,0,0,2,4,1,1,0,0,0,,,,,,,
Sample.128.158,Sample.128.158,248,128,158,6786,10350,F,F,No,No,Yes,No,bag,2nd,100221,y,y,y,y,CN,NotChick,SA,M,Winter2018,19594.25,02-Mar-18,AM,32,392,360,AC,0.661785658,Y,3,9,1,1,1,0,0,0,0,0,0,0,3,9,1,1,1,0,0,,,,,,,
Sample.129.273,Sample.129.273,249,129,273,6904,10492,F,F,No,No,No,No,tray,2nd,40653,y,y,y,y,CN,NotChick,SA,F,Summer2018,7624.43,30-Aug-18,AM,26,225,199,AC,1.029444358,Y,6,36,1,1,1,1,1,1,0,0,0,0,2,4,1,1,0,0,0,,,,,,,
Sample.130.157,Sample.130.157,250,130,157,6731,10352,F,F,No,No,Yes,No,bag,2nd,423239,y,y,y,n,CN,NotChick,SA,M,Winter2018,65641.01,02-Mar-18,PM,32,385,353,AC,0.735317398,Y,2,4,1,0,1,0,0,0,0,0,0,0,3,9,1,1,0,0,1,,,,,,,
Sample.131.259,Sample.131.259,251,131,259,6698,10441,F,F,No,No,Yes,No,tray,2nd,26488,y,y,y,y,CN,NotChick,A,M,Summer2018,6386.19,22-Aug-18,AM,34,175,141,AA,1.250039577,Y,6,36,1,1,1,1,1,1,0,0,0,0,1,1,1,0,0,0,0,,,,,,,
Sample.132.308,Sample.132.308,252,132,308,6910,10504,F,F,No,No,No,No,tray,2nd,82985,y,y,y,y,CN,NotChick,FL,M,Summer2018,3832.91,05-Sep-18,PM,20,253,233,AC,1.176507837,Y,6,36,1,1,0,1,1,1,0,1,0,0,3,9,1,1,0,1,0,,,,,,,
Sample.133.145,Sample.133.145,253,133,145,6847,10340,F,F,No,No,No,No,bag,2nd,34472,y,y,y,y,CN,NotChick,OFL,F,Winter2018,24758.25,24-Feb-18,AM,38,398,360,AA,1.250039577,Y,3,9,1,0,1,0,0,0,0,1,0,0,2,4,1,1,0,0,0,,,,,,,
Sample.134.150,Sample.134.150,254,134,150,6846,10339,F,F,Yes,Yes,No,No,tray,2nd,43043,y,y,y,y,CN,NotChick,A,F,Winter2018,49520.6,24-Feb-18,AM,38,376,338,CC,1.029444358,Y,5,25,0,1,0,1,0,1,1,0,0,0,3,9,1,1,0,1,0,,,,,,,
Sample.135.174,Sample.135.174,255,135,174,6859,10384,F,F,No,No,Yes,Yes,other,2nd,34466,y,y,y,n,CN,NotChick,OFL,M,Summer2018,9115.13,23-Jun-18,PM,94,265,171,AC,1.029444358,Y,7,49,0,1,0,1,1,1,0,0,1,1,2,4,1,1,0,0,0,,,,,,,
Sample.136.51b,Sample.136.51b,256,136,51,5635,10187,F,F,Yes,Yes,Yes,No,bag,2nd,71196,n,n,n,n,CN,NotChick,A,F,Summer2017,95885.91,16-Aug-17,PM,40,152,112,AA,0.882380878,Y,6,36,1,1,1,1,1,0,1,0,0,0,4,16,1,1,0,0,1,,,,,,,
Sample.137.180,Sample.137.180,257,137,180,6870,10401,F,F,No,Yes,Yes,Yes,other,2nd,25131,y,y,n,n,CN,NotChick,OFL,M,Summer2018,7117.39,02-Jul-18,PM,85,283,198,AC,1.176507837,Y,6,36,1,1,1,1,1,1,0,0,0,0,3,9,1,1,1,0,0,,,,,,,
Sample.138.311b,Sample.138.311b,258,138,311,6898,10485,F,F,Yes,Yes,No,No,tray,2nd,126727,y,y,y,y,CN,NotChick,FL,M,Summer2018,8478.7,07-Sep-18,AM,18,210,192,AC,0.661785658,Y,4,16,1,0,1,0,0,0,0,1,0,0,3,9,1,1,1,0,0,,,,,,,
Sample.139.224,Sample.139.224,259,139,224,6874,10413,F,F,No,No,No,No,tray,2nd,48055,y,y,y,y,CN,NotChick,OFL,F,Summer2018,30405.1,25-Jul-18,AM,62,203,141,AA,1.176507837,Y,5,25,1,0,1,1,0,0,0,0,1,1,3,9,1,1,1,0,0,,,,,,,
Sample.140.221,Sample.140.221,260,140,221,6873,10412,F,F,No,No,No,No,tray,2nd,46270,y,y,y,y,CN,NotChick,SA,F,Summer2018,16511.76,23-Jul-18,PM,64,256,192,AA,1.397103057,Y,7,49,1,1,1,1,1,1,0,0,0,0,2,4,1,1,0,0,0,,,,,,,
Sample.141.337,Sample.141.337,261,141,337,6908,10496,F,F,No,No,No,No,tray,3rd,42515,y,y,y,y,CN,NotChick,SA,M,Summer2018,5065.94,13-Sep-18,AM,12,176,164,AC,1.176507837,Y,2,4,1,0,1,0,0,0,0,0,0,0,4,16,1,1,0,0,1,,,,,,,
Sample.142.285,Sample.142.285,262,142,285,6036,10464,F,F,No,No,No,No,tray,3rd,56753,y,y,y,y,CN,NotChick,A,F,Summer2018,9718.46,31-Aug-18,AM,25,189,164,AC,1.029444358,Y,6,36,1,1,0,1,1,1,0,0,0,0,2,4,1,1,0,0,0,,,,,,,
Sample.143.217,Sample.143.217,263,143,217,5621,10421,F,F,No,Yes,Yes,Yes,hand,3rd,26719,y,n,n,n,CN,NotChick,A,F,Summer2018,5998.7,22-Jul-18,PM,65,285,220,AC,1.323571317,Y,2,4,1,0,1,0,0,0,0,0,0,0,1,1,1,0,0,0,0,,,,,,,
Sample.144.264,Sample.144.264,264,144,264,6892,10442,F,F,No,No,No,No,tray,3rd,48447,y,y,y,y,CN,NotChick,OFL,M,Summer2018,15580.78,24-Aug-18,PM,32,210,178,AA,1.176507837,Y,6,36,0,0,0,1,0,0,1,0,1,1,1,1,1,0,0,0,0,,,,,,,
Sample.145.250,Sample.145.250,265,145,250,6884,10433,F,F,No,No,No,No,tray,3rd,125030,y,y,y,y,CN,NotChick,SA,M,Summer2018,19716.62,21-Aug-18,AM,35,220,185,AA,1.029444358,Y,4,16,0,1,0,1,1,1,0,0,0,0,4,16,1,1,1,1,0,,,,,,,
Sample.146.324,Sample.146.324,266,146,324,6548,10529,F,F,No,No,Yes,Yes,tray,3rd,54404,y,y,y,y,CN,NotChick,A,M,Summer2018,10646.86,10-Sep-18,AM,15,248,233,AA,1.029444358,Y,5,25,1,0,1,1,0,0,0,0,1,1,3,9,1,1,1,0,0,,,,,,,
Sample.147.167,Sample.147.167,267,147,167,5635,10375,F,F,No,No,Yes,No,tray,3rd,42018,y,y,y,n,CN,NotChick,A,F,Winter2018,59331.8,08-Mar-18,PM,26,393,367,AA,0.882380878,Y,6,36,1,1,1,1,1,0,1,0,0,0,4,16,1,1,0,0,1,,,,,,,
Sample.148.248,Sample.148.248,268,148,248,6886,10435,F,F,Yes,Yes,No,No,tray,3rd,66155,n,n,n,n,CN,Chick,CH,M,Summer2018,14080.49,20-Aug-18,PM,36,235,199,AA,0.882380878,Y,6,36,1,1,1,1,1,1,0,0,0,0,2,4,1,1,0,0,0,,,,,,,
Sample.149.333,Sample.149.333,269,149,333,6926,10539,F,F,No,No,No,No,tray,3rd,47355,y,y,y,y,CN,NotChick,FL,F,Summer2018,14268.5,12-Sep-18,AM,13,191,178,AA,0.882380878,Y,6,36,1,1,1,1,1,1,0,0,0,0,4,16,1,1,1,1,0,,,,,,,
Sample.150.165,Sample.150.165,270,150,165,6272,10368,F,F,No,No,Yes,No,tray,3rd,38498,y,y,y,n,CN,NotChick,A,F,Winter2018,73464.92,06-Mar-18,AM,28,344,316,AC,1.102976097,Y,6,36,0,1,0,1,1,1,0,0,1,1,2,4,1,1,0,0,0,,,,,,,
Sample.151.301,Sample.151.301,271,151,301,6732,10469,F,F,No,No,Yes,Yes,tray,3rd,145594,y,y,y,n,CN,NotChick,A,M,Summer2018,NA,04-Sep-18,PM,21,213,192,AA,0.661785658,Y,7,49,0,1,0,1,1,1,0,0,1,1,2,4,1,1,0,0,0,,,,,,,
Sample.152.141,Sample.152.141,272,152,141,6833,10307,F,F,Yes,Yes,No,No,bag,3rd,38888,n,n,n,n,CN,NotChick,FL,F,Winter2018,NA,12-Feb-18,PM,50,389,339,AC,1.102976097,N,7,49,1,1,1,1,1,1,1,0,0,0,NA,NA,NA,NA,NA,NA,NA,,,,,,,
Sample.153.101b,Sample.153.101b,273,153,101,6171,10246,F,F,Yes,Yes,No,No,bag,3rd,2191,n,n,n,n,CN,NotChick,A,M,Summer2017,40913.79,09-Sep-17,AM,16,139,123,AA,0.808849138,Y,6,36,1,1,1,1,1,1,0,0,0,0,2,4,1,1,0,0,0,,,,,,,
Sample.154.268,Sample.154.268,274,154,268,6897,10459,F,F,No,No,Yes,Yes,tray,3rd,52022,y,y,y,n,CN,NotChick,SA,M,Summer2018,12291.88,27-Aug-18,AM,29,214,185,AA,0.808849138,Y,6,36,1,1,1,1,1,1,0,0,0,0,2,4,1,1,0,0,0,,,,,,,
Sample.155.128,Sample.155.128,275,155,128,NA,NA,Control,Collection control,Yes,No,No,No,control,3rd,34091,n,n,n,n,NA,NotChick,NA,NA,NA,NA,NA,NA,NA,NA,NA,NA,NA,N,NA,NA,NA,NA,NA,NA,NA,NA,NA,NA,NA,NA,NA,NA,NA,NA,NA,NA,NA,,,,,,,
Sample.156.271,Sample.156.271,276,156,271,6032,10454,F,F,Yes,Yes,Yes,Yes,tray,3rd,54227,y,y,y,y,CN,NotChick,A,M,Summer2018,7201.9,27-Aug-18,AM,29,249,220,AC,0.808849138,Y,6,36,1,1,1,1,1,1,0,0,0,0,2,4,1,1,0,0,0,,,,,,,
Sample.157.330b,Sample.157.330b,277,157,330,6894,10500,F,F,Yes,Yes,Yes,No,tray,3rd,20663,n,n,n,n,CN,NotChick,OFL,M,Summer2018,5998.7,12-Sep-18,AM,13,176,163,AA,1.029444358,Y,7,49,1,1,0,1,1,1,0,0,0,0,2,4,1,1,0,0,0,,,,,,,
Sample.158.289,Sample.158.289,278,158,289,6905,10493,F,F,No,Yes,Yes,Yes,tray,3rd,51291,y,n,n,n,CN,NotChick,FL,F,Summer2018,7117.39,01-Sep-18,AM,24,223,199,AA,1.029444358,Y,5,25,0,1,0,1,1,1,0,1,0,0,4,16,1,1,1,1,0,,,,,,,
Sample.159.201,Sample.159.201,279,159,201,6865,10396,F,F,No,Yes,Yes,Yes,other,3rd,55310,y,y,y,y,CN,NotChick,FL,M,Summer2018,11059.07,07-Jul-18,PM,80,313,233,AA,0.882380878,Y,6,36,1,1,1,1,1,1,0,0,0,0,3,9,1,1,0,0,1,,,,,,,
Sample.160.361,Sample.160.361,280,160,361,6916,10519,F,F,Yes,Yes,No,No,tray,3rd,121252,y,y,y,y,CN,NotChick,FL,F,Summer2018,20983.14,20-Sep-18,AM,5,155,150,AC,0.808849138,Y,4,16,0,1,0,1,1,1,0,0,0,0,2,4,1,1,0,0,0,,,,,,,
Sample.161.156,Sample.161.156,281,161,156,6850,10351,F,F,No,No,No,No,hand,3rd,11495,y,y,y,y,CN,NotChick,A,M,Winter2018,NA,02-Mar-18,AM,32,406,374,AA,0.882380878,N,2,4,1,0,1,0,0,0,0,0,0,0,NA,NA,NA,NA,NA,NA,NA,,,,,,,
Sample.162.282,Sample.162.282,282,162,282,6699,10472,F,F,No,No,No,No,tray,3rd,52096,y,y,y,y,CN,NotChick,A,F,Summer2018,19708.4,04-Sep-18,AM,21,220,199,AA,0.882380878,Y,5,25,1,1,0,1,1,1,0,0,0,0,4,16,1,1,1,1,0,,,,,,,
Sample.163.177,Sample.163.177,283,163,177,6861,10386,F,F,No,No,No,No,tray,3rd,2620,y,y,y,y,CN,NotChick,OFL,F,Summer2018,16711.75,30-Jun-18,AM,87,258,171,AA,1.176507837,Y,5,25,0,1,0,1,0,1,1,0,0,0,3,9,1,1,0,1,0,,,,,,,
Sample.164.249,Sample.164.249,284,164,249,5547,10460,F,F,No,Yes,Yes,No,tray,3rd,30640,y,y,y,y,CN,NotChick,A,M,Summer2018,4398.15,20-Aug-18,AM,36,214,178,AC,0.661785658,Y,6,36,1,1,1,1,1,1,0,0,0,0,2,4,1,1,0,0,0,,,,,,,
Sample.165.164b,Sample.165.164b,285,165,164,6195,10365,F,F,Yes,Yes,No,No,tray,3rd,46596,n,n,n,n,CN,NotChick,A,F,Winter2018,39827.26,05-Mar-18,PM,29,389,360,AA,0.955912618,Y,7,49,0,1,0,1,1,1,1,0,1,1,2,4,1,1,0,0,0,,,,,,,
Sample.166.354,Sample.166.354,286,166,354,6546,10516,F,F,No,No,No,No,tray,3rd,44818,y,y,y,y,CN,NotChick,A,F,Summer2018,3979.29,18-Sep-18,PM,7,171,164,AC,1.102976097,Y,5,25,0,1,0,1,1,1,0,1,0,0,4,16,1,1,0,1,0,,,,,,,
Sample.167.143,Sample.167.143,287,167,143,6844,10328,F,F,No,No,No,No,bag,3rd,58151,y,y,y,y,CN,NotChick,OFL,M,Winter2018,47432.22,22-Feb-18,AM,40,435,395,AA,1.029444358,Y,6,36,1,1,1,1,1,1,0,0,0,0,2,4,1,1,0,0,0,,,,,,,
Sample.168.228,Sample.168.228,288,168,228,6882,10430,F,F,No,Yes,Yes,Yes,tray,3rd,53552,y,y,y,y,CN,NotChick,FL,F,Summer2018,12291.88,02-Aug-18,AM,54,225,171,AA,1.470634797,Y,5,25,1,1,1,1,1,0,0,0,0,0,3,9,1,1,1,0,0,,,,,,,
Sample.169.351,Sample.169.351,289,169,351,3089,10511,F,F,No,No,No,No,tray,3rd,41158,y,y,y,y,CN,NotChick,A,M,Summer2018,2099.71,17-Sep-18,PM,8,200,192,AA,1.250039577,Y,5,25,0,1,0,1,1,1,0,1,0,0,4,16,1,1,1,1,0,,,,,,,
Sample.170.208,Sample.170.208,290,170,208,6887,10436,F,F,No,Yes,Yes,Yes,tray,3rd,59880,y,y,y,y,CN,NotChick,SA,M,Summer2018,9740.73,17-Aug-18,AM,39,237,198,AA,0.661785658,Y,7,49,1,1,1,1,1,1,0,1,0,0,2,4,1,1,0,0,0,,,,,,,
Sample.171.353,Sample.171.353,291,171,353,6773,10512,F,F,No,No,Yes,No,tray,3rd,60142,y,y,y,n,CN,NotChick,A,F,Summer2018,4368.94,18-Sep-18,AM,7,192,185,AC,1.176507837,Y,6,36,1,1,0,1,1,0,1,1,0,0,5,25,1,1,1,1,0,,,,,,,
Sample.172.206,Sample.172.206,292,172,206,6895,10451,F,F,No,Yes,No,No,tray,3rd,129133,y,y,y,y,CN,NotChick,SA,M,Summer2018,8842,09-Aug-18,PM,47,202,155,AA,0.955912618,Y,5,25,1,1,0,1,1,1,0,0,0,0,4,16,1,1,1,1,0,,,,,,,
Sample.173.190,Sample.173.190,293,173,190,6863,10394,F,F,No,Yes,Yes,Yes,other,3rd,25152,y,n,n,n,CN,NotChick,FL,M,Summer2018,9220.5,04-Jul-18,AM,83,224,141,AC,0.955912618,Y,6,36,1,0,1,1,0,0,1,0,1,1,3,9,1,1,0,0,1,,,,,,,
Sample.174.216,Sample.174.216,294,174,216,5621,10421,F,F,No,Yes,Yes,Yes,other,3rd,53159,y,n,n,n,CN,NotChick,A,F,Summer2018,5998.7,22-Jul-18,PM,65,285,220,AC,1.323571317,Y,2,4,1,0,1,0,0,0,0,0,0,0,1,1,1,0,0,0,0,,,,,,,
Sample.175.327,Sample.175.327,295,175,327,6230,10530,F,F,Yes,Yes,No,No,tray,3rd,90849,y,y,y,y,CN,NotChick,A,M,Summer2018,6682.6,11-Sep-18,AM,14,206,192,AA,1.176507837,Y,6,36,1,1,1,1,1,1,0,0,0,0,5,25,1,1,1,1,0,,,,,,,
Sample.176.214,Sample.176.214,296,176,214,6876,10415,F,F,No,No,No,No,tray,3rd,71579,y,y,y,y,CN,NotChick,OFL,F,Summer2018,16000.94,25-Jul-18,AM,62,247,185,AC,1.102976097,Y,2,4,1,0,1,0,0,0,0,0,0,0,2,4,1,1,0,0,0,,,,,,,
Sample.177.183,Sample.177.183,297,177,183,6867,10398,F,F,No,Yes,Yes,No,hand,3rd,6329,y,n,n,n,CN,NotChick,OFL,M,Summer2018,4615.71,03-Jul-18,PM,84,317,233,AC,0.735317398,Y,3,9,0,0,0,0,1,1,0,1,0,0,4,16,1,1,1,1,0,,,,,,,
Sample.178.248b,Sample.178.248b,298,178,248,6886,10435,F,F,Yes,Yes,No,No,tray,3rd,103998,y,y,y,y,CN,Chick,CH,M,Summer2018,14080.49,20-Aug-18,PM,36,235,199,AA,0.882380878,Y,6,36,1,1,1,1,1,1,0,0,0,0,2,4,1,1,0,0,0,,,,,,,
Sample.179.137b,Sample.179.137b,299,179,137,6831,10304,F,F,Yes,Yes,No,No,hand,3rd,49440,n,n,n,n,CN,NotChick,OFL,M,Winter2018,7169.79,10-Feb-18,PM,52,405,353,AA,0.955912618,Y,6,36,1,1,1,1,1,1,0,0,0,0,2,4,1,1,0,0,0,,,,,,,
Sample.180.360,Sample.180.360,300,180,360,6670,10514,F,F,Yes,Yes,No,No,tray,3rd,44823,y,y,y,y,CN,NotChick,A,F,Summer2018,20983.14,19-Sep-18,AM,6,239,233,AA,0.661785658,Y,6,36,1,1,1,1,1,1,0,0,0,0,2,4,1,1,0,0,0,,,,,,,
Sample.181.235,Sample.181.235,301,181,235,6556,10420,F,F,Yes,Yes,No,No,tray,3rd,70304,n,n,n,n,CN,NotChick,A,M,Summer2018,8004.97,04-Aug-18,AM,52,272,220,AA,0.882380878,Y,7,49,0,0,0,1,1,0,0,1,1,1,3,9,1,1,1,0,0,,,,,,,
Sample.182.371,Sample.182.371,302,182,371,NA,NA,Control,Extraction control,Yes,No,Yes,No,control,3rd,592,n,n,n,n,NA,NotChick,NA,NA,NA,NA,NA,NA,NA,NA,NA,NA,NA,N,NA,NA,NA,NA,NA,NA,NA,NA,NA,NA,NA,NA,NA,NA,NA,NA,NA,NA,NA,,,,,,,
Sample.183.361b,Sample.183.361b,303,183,361,6916,10519,F,F,Yes,Yes,No,No,tray,3rd,61747,n,n,n,n,CN,NotChick,FL,F,Summer2018,20983.14,20-Sep-18,AM,5,155,150,AC,0.808849138,Y,4,16,0,1,0,1,1,1,0,0,0,0,2,4,1,1,0,0,0,,,,,,,
Sample.184.258b,Sample.184.258b,304,184,258,6733,10456,F,F,Yes,Yes,Yes,No,tray,3rd,54370,n,n,n,n,CN,NotChick,A,F,Summer2018,7117.39,22-Aug-18,AM,34,184,150,AA,1.176507837,N,NA,NA,NA,NA,NA,NA,NA,NA,NA,NA,NA,NA,4,16,1,1,1,1,0,,,,,,,
Sample.185.244,Sample.185.244,305,185,244,6261,10462,F,F,No,No,Yes,No,tray,3rd,42012,y,y,y,y,CN,NotChick,A,M,Summer2018,8147.51,15-Aug-18,PM,41,239,198,AA,0.882380878,Y,6,36,0,1,0,1,1,1,0,0,0,1,2,4,1,1,0,0,0,,,,,,,
Sample.186.p2,Sample.186.p2,306,186,p2,NA,NA,Control,Positive control,Yes,No,Yes,No,control,3rd,554274,n,n,n,n,NA,NotChick,NA,NA,NA,NA,NA,NA,NA,NA,NA,NA,NA,N,NA,NA,NA,NA,NA,NA,NA,NA,NA,NA,NA,NA,NA,NA,NA,NA,NA,NA,NA,,,,,,,
Sample.187.173,Sample.187.173,307,187,173,6742,10388,F,F,No,No,Yes,No,hand,3rd,6946,y,y,y,n,CN,NotChick,SA,M,Summer2018,7310.69,24-Jun-18,PM,93,291,198,CC,0.661785658,Y,6,36,1,1,1,1,1,1,0,0,0,0,2,4,1,1,0,0,0,,,,,,,
Sample.188.313,Sample.188.313,308,188,313,6902,10489,F,F,No,Yes,Yes,Yes,tray,3rd,47399,y,y,y,y,CN,NotChick,SA,F,Summer2018,9349.68,07-Sep-18,AM,18,173,155,AC,0.882380878,Y,4,16,0,1,0,0,1,1,0,1,0,0,4,16,1,1,1,1,0,,,,,,,
Sample.189.137,Sample.189.137,309,189,137,6831,10304,F,F,Yes,Yes,No,No,hand,3rd,71564,y,y,y,y,CN,NotChick,OFL,M,Winter2018,7169.79,10-Feb-18,PM,52,405,353,AA,0.955912618,Y,6,36,1,1,1,1,1,1,0,0,0,0,2,4,1,1,0,0,0,,,,,,,
Sample.190.240,Sample.190.240,310,190,240,6879,10418,F,F,No,No,Yes,Yes,tray,3rd,139932,y,y,y,n,CN,NotChick,OFL,F,Summer2018,17438.84,04-Aug-18,AM,52,244,192,AA,1.176507837,Y,7,49,0,1,0,1,1,1,0,0,1,1,2,4,1,1,0,0,0,,,,,,,
Sample.191.219,Sample.191.219,311,191,219,1762,10422,F,F,Yes,Yes,Yes,Yes,tray,3rd,60333,y,y,y,n,CN,NotChick,A,M,Summer2018,8842,22-Jul-18,PM,65,250,185,AA,1.323571317,Y,4,16,0,1,0,1,1,1,0,0,0,0,4,16,1,1,0,1,0,,,,,,,
Sample.192.339,Sample.192.339,312,192,339,6907,10495,F,F,No,Yes,Yes,Yes,hand,3rd,50454,y,n,n,n,CN,NotChick,FL,F,Summer2018,5894.06,13-Sep-18,AM,12,232,220,CC,1.102976097,Y,5,25,1,0,1,0,1,1,0,1,0,0,1,1,1,0,0,0,0,,,,,,,
Sample.193.226,Sample.193.226,313,193,226,6883,10432,F,F,No,No,No,No,hand,3rd,61640,y,y,y,y,CN,Chick,CH,F,Summer2018,8887.82,30-Jul-18,PM,57,198,141,AA,1.029444358,Y,4,16,0,1,0,1,1,1,0,0,0,0,3,9,1,1,0,1,0,,,,,,,
Sample.194.356,Sample.194.356,314,194,356,6181,10515,F,F,Yes,Yes,No,No,tray,3rd,128520,n,n,n,n,CN,NotChick,A,F,Summer2018,12566.71,18-Sep-18,AM,7,227,220,AC,0.882380878,Y,7,49,1,1,1,1,1,1,0,0,0,0,2,4,1,1,0,0,0,,,,,,,
Sample.195.274,Sample.195.274,315,195,274,6061,10452,F,F,No,Yes,Yes,Yes,tray,3rd,30162,y,y,y,y,CN,NotChick,A,F,Summer2018,4398.15,29-Aug-18,AM,27,261,234,AC,1.397103057,Y,6,36,1,0,1,1,0,0,1,0,1,1,3,9,1,1,0,0,1,,,,,,,
Sample.196.358,Sample.196.358,316,196,358,6834,10517,F,F,No,No,Yes,Yes,tray,3rd,47588,y,y,y,n,CN,NotChick,SA,M,Summer2018,20983.14,19-Sep-18,AM,6,226,220,AA,0.882380878,N,6,36,1,1,1,1,1,1,0,0,0,0,NA,NA,NA,NA,NA,NA,NA,,,,,,,
Sample.197.176,Sample.197.176,317,197,176,6869,10400,F,F,No,Yes,Yes,No,hand,3rd,23008,n,n,n,n,CN,NotChick,OFL,F,Summer2018,8887.82,03-Jul-18,AM,84,283,199,AA,1.102976097,Y,6,36,0,1,0,1,1,1,0,1,0,0,4,16,1,1,1,1,0,,,,,,,
Sample.198.192,Sample.198.192,318,198,192,1762,10392,F,F,No,Yes,Yes,Yes,other,3rd,54824,y,n,n,n,CN,NotChick,A,M,Summer2018,8842,07-Jul-18,AM,80,251,171,AA,1.323571317,Y,4,16,0,1,0,1,1,1,0,0,0,0,4,16,1,1,0,1,0,,,,,,,
Sample.199.170b,Sample.199.170b,319,199,170,6187,10378,F,F,Yes,Yes,Yes,No,bag,3rd,70346,y,y,y,y,CN,NotChick,A,F,Winter2018,15853.08,10-Mar-18,AM,24,354,330,AA,1.250039577,Y,2,4,1,0,1,0,0,0,0,0,0,0,3,9,1,1,0,0,1,,,,,,,
Sample.200.235b,Sample.200.235b,320,200,235,6556,10420,F,F,Yes,Yes,No,No,tray,3rd,93633,y,y,y,n,CN,NotChick,A,M,Summer2018,8004.97,04-Aug-18,AM,52,272,220,AA,0.882380878,Y,7,49,0,0,0,1,1,0,0,1,1,1,3,9,1,1,1,0,0,,,,,,,
Sample.201.338,Sample.201.338,321,201,338,6907,10495,F,F,No,Yes,Yes,Yes,tray,3rd,41973,y,y,y,y,CN,NotChick,FL,F,Summer2018,5894.06,13-Sep-18,AM,12,246,234,CC,1.102976097,Y,5,25,1,0,1,0,1,1,0,1,0,0,1,1,1,0,0,0,0,,,,,,,
Sample.202.363,Sample.202.363,322,202,363,6654,10534,F,F,No,No,Yes,No,tray,3rd,52757,y,y,y,y,CN,NotChick,A,M,Summer2018,11140.89,20-Sep-18,AM,5,168,163,AA,1.250039577,Y,6,36,1,1,1,1,1,0,0,0,0,0,3,9,1,1,1,0,0,,,,,,,
Sample.203.154,Sample.203.154,323,203,154,6170,10348,F,F,No,No,No,No,bag,3rd,46106,y,y,y,y,CN,NotChick,A,M,Winter2018,19594.25,02-Mar-18,AM,32,385,353,AA,0.661785658,Y,3,9,1,1,1,0,0,0,0,0,0,0,4,16,1,1,1,0,1,,,,,,,
Sample.204.207,Sample.204.207,324,204,207,6894,na,F,F,No,No,Yes,Yes,other,3rd,65411,y,y,y,y,CN,NotChick,OFL,M,Summer2018,5998.7,01-Aug-18,AM,55,218,163,AA,1.029444358,Y,7,49,1,1,0,1,1,1,0,0,0,0,2,4,1,1,0,0,0,,,,,,,
Sample.205.276,Sample.205.276,325,205,276,6905,10493,F,F,No,Yes,Yes,Yes,tray,3rd,51841,y,y,y,y,CN,NotChick,FL,F,Summer2018,7117.39,01-Sep-18,AM,24,174,150,AA,1.029444358,Y,5,25,0,1,0,1,1,1,0,1,0,0,4,16,1,1,1,1,0,,,,,,,
Sample.206.161,Sample.206.161,326,206,161,6732,10355,F,F,No,No,Yes,No,bag,3rd,39761,y,y,y,y,CN,NotChick,A,M,Winter2018,49520.6,03-Mar-18,PM,31,426,395,AA,0.661785658,Y,7,49,0,1,0,1,1,1,0,0,1,1,2,4,1,1,0,0,0,,,,,,,
Sample.207.169,Sample.207.169,327,207,169,6737,10358,F,F,No,No,Yes,No,bag,3rd,62398,y,y,y,y,CN,NotChick,A,F,Winter2018,40708.94,03-Mar-18,PM,31,356,325,AC,1.102976097,Y,2,4,1,0,1,0,0,0,0,0,0,0,3,9,1,1,0,0,1,,,,,,,
Sample.208.102b,Sample.208.102b,328,208,102,6384,10239,F,F,Yes,Yes,No,No,bag,3rd,53222,n,n,n,n,CN,NotChick,A,M,Summer2017,61351.94,09-Sep-17,AM,16,139,123,AC,0.955912618,Y,6,36,1,0,1,1,0,0,1,0,1,1,3,9,1,1,0,0,1,,,,,,,
Sample.209.258,Sample.209.258,329,209,258,6733,10456,F,F,Yes,Yes,Yes,No,tray,3rd,73087,y,y,y,n,CN,NotChick,A,F,Summer2018,7117.39,22-Aug-18,AM,34,184,150,AA,1.176507837,N,NA,NA,NA,NA,NA,NA,NA,NA,NA,NA,NA,NA,4,16,1,1,1,1,0,,,,,,,
Sample.210.312,Sample.210.312,330,210,312,6902,10489,F,F,No,Yes,Yes,Yes,other,3rd,40311,y,n,n,n,CN,NotChick,SA,F,Summer2018,9349.68,07-Sep-18,AM,18,168,150,AC,0.882380878,Y,4,16,0,1,0,0,1,1,0,1,0,0,4,16,1,1,1,1,0,,,,,,,
Sample.211.199b,Sample.211.199b,331,211,199,6692,10409,F,F,Yes,Yes,No,No,tray,3rd,40406,y,y,y,y,CN,NotChick,A,M,Summer2018,14017.36,17-Jul-18,AM,70,290,220,AC,1.029444358,Y,5,25,1,1,0,1,1,1,0,0,0,0,4,16,1,1,1,1,0,,,,,,,
Sample.212.164,Sample.212.164,332,212,164,6195,10365,F,F,Yes,Yes,No,No,tray,3rd,62169,y,y,y,y,CN,NotChick,A,F,Winter2018,39827.26,05-Mar-18,PM,29,389,360,AA,0.955912618,Y,7,49,0,1,0,1,1,1,1,0,1,1,2,4,1,1,0,0,0,,,,,,,
Sample.213.257,Sample.213.257,333,213,257,6885,10434,F,F,No,No,No,No,hand,3rd,13359,y,y,y,y,CN,Chick,CH,M,Summer2018,4398.15,20-Aug-18,AM,36,228,192,AA,1.029444358,Y,2,4,1,0,1,0,0,0,0,0,0,0,3,9,1,1,0,0,1,,,,,,,
Sample.214.272,Sample.214.272,334,214,272,6061,10452,F,F,No,Yes,Yes,Yes,hand,3rd,49003,y,n,n,n,CN,NotChick,A,F,Summer2018,4398.15,29-Aug-18,AM,27,260,233,AC,1.397103057,Y,6,36,1,0,1,1,0,0,1,0,1,1,3,9,1,1,0,0,1,,,,,,,
Sample.215.153,Sample.215.153,335,215,153,6849,10344,F,F,No,No,No,No,hand,3rd,84880,y,y,y,y,CN,NotChick,OFL,F,Winter2018,32432.6,28-Feb-18,AM,34,380,346,AC,0.882380878,Y,4,16,1,0,1,0,0,0,0,1,0,0,3,9,1,1,1,0,0,,,,,,,
Sample.216.239,Sample.216.239,336,216,239,6894,10444,F,F,No,No,Yes,Yes,tray,3rd,86209,y,y,y,n,CN,NotChick,OFL,M,Summer2018,5998.7,09-Aug-18,PM,47,188,141,AA,1.029444358,Y,7,49,1,1,0,1,1,1,0,0,0,0,2,4,1,1,0,0,0,,,,,,,
Sample.217.307,Sample.217.307,337,217,307,6034,10468,F,F,No,No,No,No,tray,3rd,37777,y,y,y,y,CN,NotChick,A,F,Summer2018,3832.91,05-Sep-18,PM,20,240,220,AA,1.102976097,Y,5,25,0,1,0,1,1,1,1,0,0,0,2,4,1,1,0,0,0,,,,,,,
Sample.218.204,Sample.218.204,338,218,204,6739,10408,F,F,No,No,Yes,No,tray,3rd,50246,y,y,y,y,CN,NotChick,SA,M,Summer2018,7317.6,17-Jul-18,AM,70,262,192,CC,1.323571317,N,NA,NA,NA,NA,NA,NA,NA,NA,NA,NA,NA,NA,3,9,1,1,0,0,1,,,,,,,
Sample.219.262,Sample.219.262,339,219,262,6889,10438,F,F,No,No,No,No,tray,3rd,45896,y,y,y,y,CN,NotChick,OFL,M,Summer2018,16757.83,23-Aug-18,PM,33,231,198,AC,0.882380878,Y,2,4,1,0,1,0,0,0,0,0,0,0,3,9,1,1,0,0,1,,,,,,,
Sample.220.236b,Sample.220.236b,340,220,236,6877,10416,F,F,Yes,Yes,No,No,tray,3rd,78221,n,n,n,n,CN,NotChick,FL,M,Summer2018,9981.79,07-Aug-18,AM,49,282,233,AA,0.808849138,Y,5,25,0,1,0,1,1,1,1,0,0,0,2,4,1,1,0,0,0,,,,,,,
Sample.221.427,Sample.221.427,341,221,427,NA,NA,Control,Extraction control,No,No,Yes,No,control,3rd,3,n,n,n,n,NA,NotChick,NA,NA,NA,NA,NA,NA,NA,NA,NA,NA,NA,N,NA,NA,NA,NA,NA,NA,NA,NA,NA,NA,NA,NA,NA,NA,NA,NA,NA,NA,NA,,,,,,,
Sample.222.269,Sample.222.269,342,222,269,6840,10453,F,F,No,No,Yes,Yes,tray,3rd,26618,y,y,y,n,CN,NotChick,SA,F,Summer2018,7201.9,27-Aug-18,AM,29,193,164,CC,1.102976097,Y,3,9,1,0,1,0,0,0,0,1,0,0,3,9,1,1,1,0,0,,,,,,,
Sample.223.163,Sample.223.163,343,223,163,6852,10362,F,F,No,No,No,No,bag,3rd,83423,y,y,y,y,CN,NotChick,SA,F,Winter2018,19594.25,05-Mar-18,AM,29,345,316,AA,1.250039577,Y,6,36,1,1,1,1,1,1,0,0,0,0,4,16,1,1,1,1,0,,,,,,,
Sample.224.290,Sample.224.290,344,224,290,6906,10494,F,F,No,Yes,Yes,Yes,hand,3rd,67803,y,n,n,n,CN,NotChick,OFL,M,Summer2018,6386.19,01-Sep-18,AM,24,258,234,AC,1.029444358,Y,5,25,1,0,1,1,0,0,1,0,1,0,2,4,1,1,0,0,0,,,,,,,
Sample.225.139,Sample.225.139,345,225,139,5821,10309,F,F,No,No,No,No,bag,3rd,43490,y,y,y,y,CN,NotChick,A,M,Winter2018,61770.93,12-Feb-18,AM,50,396,346,AC,0.882380878,Y,5,25,1,0,1,1,0,0,0,0,1,1,3,9,1,1,0,0,1,,,,,,,
Sample.226.138,Sample.226.138,346,226,138,6834,10308,F,F,No,No,Yes,No,tray,3rd,44274,y,y,y,y,CN,NotChick,OFL,M,Winter2018,61770.93,12-Feb-18,AM,50,424,374,AA,0.882380878,N,6,36,1,1,1,1,1,1,0,0,0,0,NA,NA,NA,NA,NA,NA,NA,,,,,,,
Sample.227.141b,Sample.227.141b,347,227,141,6833,10307,F,F,Yes,Yes,No,No,bag,3rd,51223,y,y,y,y,CN,NotChick,FL,F,Winter2018,NA,12-Feb-18,PM,50,389,339,AC,1.102976097,N,7,49,1,1,1,1,1,1,1,0,0,0,NA,NA,NA,NA,NA,NA,NA,,,,,,,
Sample.228.179,Sample.228.179,348,228,179,6862,10387,F,F,No,Yes,Yes,No,other,3rd,8663,y,n,n,n,CN,NotChick,SA,M,Summer2018,18130.86,30-Jun-18,AM,87,251,164,AA,1.029444358,Y,4,16,1,0,1,0,0,0,0,1,0,0,5,25,1,1,1,1,0,,,,,,,
Sample.229.114b,Sample.229.114b,349,229,114,6745,10249,F,F,Yes,Yes,No,No,bag,3rd,57862,y,y,y,y,CN,NotChick,FL,M,Summer2017,40442.14,11-Sep-17,AM,14,137,123,AC,0.955912618,Y,6,36,0,1,0,1,1,0,1,1,0,0,5,25,1,1,1,1,0,,,,,,,
Sample.230.78,Sample.230.78,350,230,78,6758,10193,F,F,No,No,No,No,tray,3rd,47925,y,y,y,y,CN,NotChick,FL,M,Summer2017,NA,01-Sep-17,AM,24,552,528,CC,0.955912618,Y,5,25,0,1,0,1,1,1,1,0,0,0,2,4,1,1,0,0,0,,,,,,,
Sample.231.142,Sample.231.142,351,231,142,6836,10311,F,F,No,No,No,No,tray,3rd,147790,y,y,y,y,CN,NotChick,OFL,F,Winter2018,20486.28,13-Feb-18,PM,49,422,373,AA,0.588253919,Y,4,16,0,0,0,1,0,0,1,0,1,1,2,4,1,1,0,0,0,,,,,,,
Sample.232.227b,Sample.232.227b,352,232,227,6767,10446,F,F,Yes,Yes,No,No,tray,3rd,51696,y,y,y,y,CN,NotChick,SA,F,Summer2018,9740.73,02-Aug-18,AM,54,252,198,AC,1.029444358,Y,6,36,0,1,0,1,1,1,0,1,0,0,3,9,1,1,0,1,0,,,,,,,
Sample.233.28b,Sample.233.28b,353,233,28,5319,10155,F,F,Yes,Yes,No,No,hand,3rd,47845,n,n,n,n,CN,NotChick,A,F,Summer2017,45367.55,22-Jul-17,AM,65,185,120,AA,1.176507837,Y,6,36,0,1,0,1,1,1,1,0,1,0,3,9,1,1,0,1,0,,,,,,,
Sample.234.283,Sample.234.283,354,234,283,6776,10477,F,F,No,No,Yes,No,tray,3rd,49708,y,y,y,y,CN,NotChick,A,M,Summer2018,9718.46,31-Aug-18,AM,25,203,178,AA,0.955912618,Y,6,36,1,1,1,1,1,1,0,0,0,0,2,4,1,1,0,0,0,,,,,,,
Sample.235.271b,Sample.235.271b,355,235,271,6032,10454,F,F,Yes,Yes,Yes,No,tray,3rd,32018,n,n,n,n,CN,NotChick,A,M,Summer2018,7201.9,27-Aug-18,AM,29,249,220,AC,0.808849138,Y,6,36,1,1,1,1,1,1,0,0,0,0,2,4,1,1,0,0,0,,,,,,,
Sample.236.294,Sample.236.294,356,236,294,6925,10538,F,F,No,No,No,No,tray,3rd,20384,y,y,y,y,CN,NotChick,SA,F,Summer2018,12291.88,03-Sep-18,AM,22,185,163,AA,1.102976097,N,NA,NA,NA,NA,NA,NA,NA,NA,NA,NA,NA,NA,3,9,1,1,1,0,0,,,,,,,
Sample.237.342,Sample.237.342,357,237,342,6923,10526,F,F,No,No,No,No,tray,3rd,32218,y,y,y,y,CN,NotChick,FL,M,Summer2018,8004.97,15-Sep-18,AM,10,244,234,AA,0.735317398,Y,6,36,1,0,1,0,1,0,0,1,0,0,3,9,1,1,1,0,0,,,,,,,
Sample.238.360b,Sample.238.360b,358,238,360,6670,10514,F,F,Yes,Yes,No,No,tray,3rd,23486,n,n,n,n,CN,NotChick,A,F,Summer2018,20983.14,19-Sep-18,AM,6,239,233,AA,0.661785658,Y,6,36,1,1,1,1,1,1,0,0,0,0,2,4,1,1,0,0,0,,,,,,,
Sample.239.146,Sample.239.146,359,239,146,6191,10332,F,F,No,No,No,No,bag,3rd,45541,y,y,y,y,CN,NotChick,A,F,Winter2018,34091.35,24-Feb-18,AM,38,446,408,AC,1.250039577,N,NA,NA,NA,NA,NA,NA,NA,NA,NA,NA,NA,NA,NA,NA,NA,NA,NA,NA,NA,,,,,,,
Sample.240.223,Sample.240.223,360,240,223,6022,10426,F,F,No,No,No,No,tray,3rd,52865,y,y,y,y,CN,NotChick,A,F,Summer2018,30405.1,25-Jul-18,AM,62,217,155,AA,0.661785658,Y,5,25,1,0,1,1,0,0,0,0,1,1,3,9,1,1,0,0,1,,,,,,,
Sample.241.209,Sample.241.209,361,241,209,6887,10436,F,F,No,Yes,Yes,Yes,other,3rd,13278,y,n,n,n,CN,NotChick,SA,M,Summer2018,9740.73,17-Aug-18,AM,39,210,171,AA,0.661785658,Y,7,49,1,1,1,1,1,1,0,1,0,0,2,4,1,1,0,0,0,,,,,,,
Sample.242.115b,Sample.242.115b,362,242,115,6249,10247,F,F,Yes,Yes,Yes,No,hand,3rd,1181,y,y,y,n,CN,NotChick,A,M,Summer2017,78482.88,10-Sep-17,PM,15,138,123,AA,0.955912618,Y,4,16,0,1,0,1,1,1,0,0,0,0,4,16,1,1,1,1,0,,,,,,,
Sample.243.162,Sample.243.162,363,243,162,6851,10361,F,F,No,No,Yes,No,bag,3rd,34857,y,y,y,n,CN,NotChick,FL,F,Winter2018,39827.26,05-Mar-18,AM,29,437,408,AA,1.323571317,Y,6,36,0,1,0,1,0,0,1,0,1,1,5,25,1,1,1,1,0,,,,,,,
Sample.244.350,Sample.244.350,364,244,350,6914,10510,F,F,No,Yes,Yes,Yes,tray,3rd,25337,y,y,y,y,CN,NotChick,FL,M,Summer2018,2099.71,17-Sep-18,PM,8,228,220,AA,0.955912618,Y,5,25,0,1,0,1,1,1,0,0,0,0,2,4,1,1,0,0,0,,,,,,,
Sample.245.227,Sample.245.227,365,245,227,6767,10446,F,F,Yes,Yes,No,No,tray,3rd,22485,n,n,n,n,CN,NotChick,SA,F,Summer2018,9740.73,02-Aug-18,AM,54,252,198,AC,1.029444358,Y,6,36,0,1,0,1,1,1,0,1,0,0,3,9,1,1,0,1,0,,,,,,,
Sample.246.281,Sample.246.281,366,246,281,6912,10506,F,F,No,No,No,No,tray,3rd,32171,y,y,y,y,CN,NotChick,FL,M,Summer2018,15353.45,04-Sep-18,AM,21,199,178,AC,1.250039577,Y,2,4,1,0,1,0,0,0,0,0,0,0,3,9,1,1,0,0,1,,,,,,,
Sample.247.203,Sample.247.203,367,247,203,6709,10407,F,F,No,No,Yes,No,tray,3rd,31924,y,y,y,n,CN,NotChick,A,M,Summer2018,4890.59,17-Jul-18,AM,70,304,234,AC,1.029444358,Y,6,36,1,1,1,1,1,1,0,0,0,0,2,4,1,1,0,0,0,,,,,,,
Sample.248.166,Sample.248.166,368,248,166,6378,10367,F,F,No,No,No,No,bag,3rd,31449,y,y,y,y,CN,NotChick,A,F,Winter2018,24345.84,07-Mar-18,AM,27,435,408,AC,1.250039577,Y,5,25,1,0,1,0,1,1,0,1,0,0,2,4,1,1,0,0,0,,,,,,,
Sample.249.347,Sample.249.347,369,249,347,6694,10509,F,F,No,No,No,No,tray,3rd,155682,y,y,y,y,CN,NotChick,A,M,Summer2018,10233.73,17-Sep-18,AM,8,206,198,AA,1.176507837,Y,4,16,1,0,0,0,1,0,0,1,0,0,5,25,1,1,1,1,0,,,,,,,
Sample.250.213,Sample.250.213,370,250,213,5621,10421,F,F,No,Yes,Yes,Yes,tray,3rd,26998,y,y,y,y,CN,NotChick,A,F,Summer2018,5998.7,22-Jul-18,PM,65,243,178,AC,1.323571317,Y,2,4,1,0,1,0,0,0,0,0,0,0,1,1,1,0,0,0,0,,,,,,,
Sample.251.130,Sample.251.130,371,251,130,6565,10252,F,F,No,No,Yes,No,bag,3rd,6662,y,y,y,n,CN,NotChick,A,M,Summer2017,32073.94,13-Sep-17,AM,12,575,563,AC,1.323571317,Y,5,25,1,0,1,1,0,0,0,0,1,1,3,9,1,1,0,0,1,,,,,,,
Sample.252.345,Sample.252.345,372,252,345,6920,10523,F,F,Yes,Yes,No,No,tray,3rd,37648,y,y,y,y,CN,NotChick,FL,F,Summer2018,8147.51,15-Sep-18,PM,10,165,155,AA,1.029444358,Y,6,36,1,1,1,1,1,1,0,0,0,0,2,4,1,1,0,0,0,,,,,,,
Sample.253.296,Sample.253.296,373,253,296,6834,10471,F,F,No,No,Yes,Yes,tray,3rd,45194,y,y,y,n,CN,NotChick,SA,M,Summer2018,20983.14,04-Sep-18,AM,21,192,171,AA,0.882380878,N,6,36,1,1,1,1,1,1,0,0,0,0,NA,NA,NA,NA,NA,NA,NA,,,,,,,
Sample.254.322,Sample.254.322,374,254,322,6927,10540,F,F,No,Yes,Yes,Yes,bag,3rd,23212,y,n,n,n,CN,NotChick,FL,M,Summer2018,17837.56,10-Sep-18,AM,15,249,234,AA,0.808849138,Y,6,36,1,0,1,1,0,0,1,0,1,1,2,4,1,1,0,0,0,,,,,,,
Sample.255.222,Sample.255.222,375,255,222,6708,10425,F,F,No,No,No,No,tray,3rd,20926,y,y,y,y,CN,NotChick,A,M,Summer2018,30405.1,25-Jul-18,AM,62,212,150,AC,1.176507837,Y,2,4,1,0,1,0,0,0,0,0,0,0,3,9,1,1,1,0,0,,,,,,,
Sample.256.340,Sample.256.340,376,256,340,6774,10499,F,F,No,No,Yes,Yes,tray,3rd,35605,y,y,y,y,CN,NotChick,A,M,Summer2018,5065.94,13-Sep-18,PM,12,245,233,CC,0.882380878,N,NA,NA,NA,NA,NA,NA,NA,NA,NA,NA,NA,NA,3,9,1,1,0,1,0,,,,,,,
Sample.257.394b,Sample.257.394b,377,257,394,NA,NA,Control,Extraction control,Yes,No,Yes,No,control,3rd,169,n,n,n,n,NA,NotChick,NA,NA,NA,NA,NA,NA,NA,NA,NA,NA,NA,N,NA,NA,NA,NA,NA,NA,NA,NA,NA,NA,NA,NA,NA,NA,NA,NA,NA,NA,NA,,,,,,,
Sample.258.185,Sample.258.185,378,258,185,6868,10399,F,F,No,Yes,Yes,No,hand,3rd,29871,y,y,y,y,CN,NotChick,OFL,M,Summer2018,4431.29,03-Jul-18,AM,84,318,234,AA,0.955912618,Y,2,4,0,0,0,0,1,0,0,1,0,0,5,25,1,1,1,1,0,,,,,,,
Sample.259.245,Sample.259.245,379,259,245,5559,10448,F,F,No,No,No,No,tray,3rd,22018,y,y,y,y,CN,NotChick,A,M,Summer2018,5356.77,16-Aug-18,PM,40,211,171,AC,1.250039577,Y,6,36,0,1,0,1,1,0,1,0,1,1,5,25,1,1,0,1,1,,,,,,,
Sample.260.331,Sample.260.331,380,260,331,6859,10501,F,F,No,Yes,Yes,Yes,tray,3rd,35318,y,y,y,y,CN,NotChick,SA,M,Summer2018,9115.13,12-Sep-18,AM,13,211,198,AC,1.029444358,Y,7,49,0,1,0,1,1,1,0,0,1,1,2,4,1,1,0,0,0,,,,,,,
Sample.261.280,Sample.261.280,381,261,280,6903,10491,F,F,No,No,No,No,tray,3rd,54023,y,y,y,y,CN,NotChick,FL,M,Summer2018,12804.76,30-Aug-18,PM,26,197,171,AA,0.882380878,Y,4,16,0,1,0,1,1,1,0,0,0,0,3,9,1,1,0,1,0,,,,,,,
Sample.262.140,Sample.262.140,382,262,140,6842,10326,F,F,No,No,No,No,tray,3rd,27235,y,y,y,y,CN,NotChick,OFL,F,Winter2018,29052.9,20-Feb-18,AM,42,402,360,AA,1.176507837,Y,6,36,0,1,0,1,1,1,0,0,1,1,2,4,1,1,0,0,0,,,,,,,
Sample.263.151,Sample.263.151,383,263,151,6169,10349,F,F,No,No,Yes,No,bag,3rd,48997,y,y,y,y,CN,NotChick,A,F,Winter2018,19594.25,02-Mar-18,AM,32,405,373,AC,0.661785658,Y,6,36,1,1,1,1,1,1,0,0,0,0,4,16,1,1,0,0,1,,,,,,,
Sample.264.270,Sample.264.270,384,264,270,6032,10454,F,F,No,Yes,Yes,Yes,other,3rd,41369,y,n,n,n,CN,NotChick,A,M,Summer2018,7201.9,27-Aug-18,AM,29,263,234,AC,0.808849138,Y,6,36,1,1,1,1,1,1,0,0,0,0,2,4,1,1,0,0,0,,,,,,,
Sample.265.366,Sample.265.366,385,265,366,6139,10535,F,F,No,No,Yes,Yes,tray,3rd,31990,y,y,y,n,CN,NotChick,A,F,Summer2018,14017.36,25-Sep-18,PM,4,178,178,CC,0.955912618,Y,4,16,1,0,1,0,0,0,0,1,0,0,3,9,1,1,1,0,0,,,,,,,
Sample.266.243,Sample.266.243,386,266,243,6161,10461,F,F,No,No,Yes,Yes,tray,3rd,43069,y,y,y,n,CN,NotChick,A,F,Summer2018,9718.46,15-Aug-18,AM,41,204,163,CC,0.735317398,Y,6,36,1,1,1,1,1,1,0,0,0,0,2,4,1,1,0,0,0,,,,,,,
Sample.267.267,Sample.267.267,387,267,267,6896,10458,F,F,No,No,No,No,tray,3rd,28144,y,y,y,y,CN,NotChick,FL,M,Summer2018,8566.69,25-Aug-18,AM,31,223,192,CC,1.029444358,Y,4,16,0,1,0,1,1,0,1,0,0,0,5,25,1,1,1,1,0,,,,,,,
Sample.268.215,Sample.268.215,388,268,215,6274,10423,F,F,No,No,No,No,tray,3rd,8997,y,y,y,y,CN,NotChick,A,F,Summer2018,9034.36,23-Jul-18,PM,64,228,164,AA,0.955912618,Y,6,36,1,1,1,1,1,1,0,0,0,0,5,25,1,1,0,1,0,,,,,,,
Sample.269.147,Sample.269.147,389,269,147,6064,10334,F,F,No,No,No,No,other,3rd,7129,y,y,y,y,CN,NotChick,A,F,Winter2018,10785.5,26-Feb-18,AM,36,403,367,AC,1.102976097,Y,4,16,0,1,0,1,1,1,0,0,0,0,2,4,0,1,0,1,0,,,,,,,
Sample.270.p1,Sample.270.p1,390,270,p1,NA,NA,Control,Positive control,Yes,No,Yes,No,control,3rd,143565,n,n,n,n,NA,NotChick,NA,NA,NA,NA,NA,NA,NA,NA,NA,NA,NA,N,NA,NA,NA,NA,NA,NA,NA,NA,NA,NA,NA,NA,NA,NA,NA,NA,NA,NA,NA,,,,,,,
Sample.271.328,Sample.271.328,391,271,328,6835,10533,F,F,No,No,No,No,tray,3rd,29530,y,y,y,y,CN,NotChick,SA,M,Summer2018,17438.84,11-Sep-18,AM,14,164,150,AA,1.029444358,Y,5,25,0,1,0,1,1,1,0,0,0,0,2,4,1,1,0,0,0,,,,,,,
Sample.272.49b,Sample.272.49b,392,272,49,6734,10211,F,F,Yes,Yes,Yes,No,other,3rd,21699,n,n,n,n,CN,NotChick,FL,M,Summer2017,39351.16,19-Aug-17,AM,37,156,119,AA,1.029444358,Y,6,36,1,1,1,1,1,1,0,0,0,0,2,4,1,1,0,0,0,,,,,,,
Sample.273.246,Sample.273.246,393,273,246,6755,10483,F,F,No,No,No,No,tray,3rd,29460,y,y,y,y,CN,NotChick,A,M,Summer2018,12291.88,17-Aug-18,AM,39,217,178,AA,0.588253919,Y,6,36,0,0,0,1,0,0,1,0,1,1,4,16,1,1,0,0,1,,,,,,,
Sample.274.191,Sample.274.191,394,274,191,6863,10394,F,F,No,Yes,Yes,Yes,tray,3rd,29987,y,y,y,n,CN,NotChick,FL,M,Summer2018,9220.5,04-Jul-18,AM,83,281,198,AC,0.955912618,Y,6,36,1,0,1,1,0,0,1,0,1,1,3,9,1,1,0,0,1,,,,,,,
Sample.275.237,Sample.275.237,395,275,237,6878,10417,F,F,No,No,No,No,tray,3rd,36990,y,y,y,y,CN,NotChick,FL,M,Summer2018,57427.76,04-Aug-18,AM,52,251,199,AA,1.250039577,Y,6,36,1,0,1,0,1,0,0,1,0,0,3,9,1,1,1,0,0,,,,,,,
Sample.276.284,Sample.276.284,396,276,284,6732,10467,F,F,No,No,Yes,Yes,tray,3rd,52984,y,y,y,n,CN,NotChick,A,M,Summer2018,NA,31-Aug-18,AM,25,210,185,AA,0.661785658,Y,7,49,0,1,0,1,1,1,0,0,1,1,2,4,1,1,0,0,0,,,,,,,
Sample.277.19b,Sample.277.19b,397,277,19,6727,10143,F,F,Yes,Yes,No,No,bag,3rd,28805,n,n,n,n,CN,NotChick,A,F,Summer2017,50547.64,27-Jul-17,AM,60,182,122,AC,0.808849138,Y,6,36,1,1,1,1,1,1,0,0,0,0,2,4,1,1,0,0,0,,,,,,,
Sample.278.184,Sample.278.184,398,278,184,6864,10395,F,F,No,No,No,No,other,3rd,76882,y,y,y,y,CN,NotChick,SA,M,Summer2018,14268.5,04-Jul-18,AM,83,268,185,AA,1.102976097,Y,6,36,1,1,1,1,1,1,0,0,0,0,2,4,1,1,0,0,0,,,,,,,
Sample.279.326,Sample.279.326,399,279,326,6550,10531,F,F,No,No,No,No,tray,3rd,51895,y,y,y,y,CN,NotChick,A,F,Summer2018,6689.41,11-Sep-18,AM,14,248,234,AA,1.029444358,Y,7,49,1,1,0,1,1,1,0,0,0,0,2,4,1,1,0,0,0,,,,,,,
Sample.280.193,Sample.280.193,400,280,193,5657,10393,F,F,No,No,No,No,tray,3rd,31260,y,y,y,y,CN,NotChick,A,F,Summer2018,8842,07-Jul-18,PM,80,258,178,AC,0.735317398,Y,2,4,1,0,0,0,0,0,0,1,0,0,3,9,1,1,1,0,0,,,,,,,
